nohup: ignoring input

  .   ____          _            __ _ _
 /\\ / ___'_ __ _ _(_)_ __  __ _ \ \ \ \
( ( )\___ | '_ | '_| | '_ \/ _` | \ \ \ \
 \\/  ___)| |_)| | | | | || (_| |  ) ) ) )
  '  |____| .__|_| |_|_| |_\__, | / / / /
 =========|_|==============|___/=/_/_/_/

 :: Spring Boot ::                (v4.0.0)

2026-02-25T13:26:12.090+01:00  INFO 32425 --- [backend-electro] [  restartedMain] c.p.backend.BackendElectroApplication    : Starting BackendElectroApplication using Java 23 with PID 32425 (/home/delta/DD/Projets 4Gi/electronique/backend-electro/target/classes started by delta in /home/delta/DD/Projets 4Gi/electronique/backend-electro)
2026-02-25T13:26:12.114+01:00  INFO 32425 --- [backend-electro] [  restartedMain] c.p.backend.BackendElectroApplication    : No active profile set, falling back to 1 default profile: "default"
2026-02-25T13:26:12.536+01:00  INFO 32425 --- [backend-electro] [  restartedMain] .e.DevToolsPropertyDefaultsPostProcessor : Devtools property defaults active! Set 'spring.devtools.add-properties' to 'false' to disable
2026-02-25T13:26:12.536+01:00  INFO 32425 --- [backend-electro] [  restartedMain] .e.DevToolsPropertyDefaultsPostProcessor : For additional web related logging consider setting the 'logging.level.web' property to 'DEBUG'
2026-02-25T13:26:16.141+01:00  INFO 32425 --- [backend-electro] [  restartedMain] .s.d.r.c.RepositoryConfigurationDelegate : Bootstrapping Spring Data JPA repositories in DEFAULT mode.
2026-02-25T13:26:16.488+01:00  INFO 32425 --- [backend-electro] [  restartedMain] .s.d.r.c.RepositoryConfigurationDelegate : Finished Spring Data repository scanning in 326 ms. Found 13 JPA repository interfaces.
2026-02-25T13:26:17.704+01:00  INFO 32425 --- [backend-electro] [  restartedMain] o.s.boot.tomcat.TomcatWebServer          : Tomcat initialized with port 9080 (http)
2026-02-25T13:26:17.743+01:00  INFO 32425 --- [backend-electro] [  restartedMain] o.apache.catalina.core.StandardService   : Starting service [Tomcat]
2026-02-25T13:26:17.744+01:00  INFO 32425 --- [backend-electro] [  restartedMain] o.apache.catalina.core.StandardEngine    : Starting Servlet engine: [Apache Tomcat/11.0.14]
2026-02-25T13:26:17.834+01:00  INFO 32425 --- [backend-electro] [  restartedMain] b.w.c.s.WebApplicationContextInitializer : Root WebApplicationContext: initialization completed in 5293 ms
2026-02-25T13:26:17.953+01:00 DEBUG 32425 --- [backend-electro] [  restartedMain] o.springframework.web.filter.CorsFilter  : Filter 'corsFilter' configured for use
2026-02-25T13:26:18.056+01:00  INFO 32425 --- [backend-electro] [  restartedMain] com.zaxxer.hikari.HikariDataSource       : HikariPool-1 - Starting...
2026-02-25T13:26:18.344+01:00  INFO 32425 --- [backend-electro] [  restartedMain] com.zaxxer.hikari.pool.HikariPool        : HikariPool-1 - Added connection org.postgresql.jdbc.PgConnection@5e370fae
2026-02-25T13:26:18.348+01:00  INFO 32425 --- [backend-electro] [  restartedMain] com.zaxxer.hikari.HikariDataSource       : HikariPool-1 - Start completed.
2026-02-25T13:26:18.638+01:00  INFO 32425 --- [backend-electro] [  restartedMain] o.hibernate.jpa.internal.util.LogHelper  : HHH000204: Processing PersistenceUnitInfo [name: default]
2026-02-25T13:26:18.838+01:00  INFO 32425 --- [backend-electro] [  restartedMain] org.hibernate.Version                    : HHH000412: Hibernate ORM core version 7.1.8.Final
2026-02-25T13:26:19.773+01:00  INFO 32425 --- [backend-electro] [  restartedMain] o.s.o.j.p.SpringPersistenceUnitInfo      : No LoadTimeWeaver setup: ignoring JPA class transformer
2026-02-25T13:26:19.859+01:00  WARN 32425 --- [backend-electro] [  restartedMain] org.hibernate.orm.deprecation            : HHH90000025: PostgreSQLDialect does not need to be specified explicitly using 'hibernate.dialect' (remove the property setting and it will be selected by default)
2026-02-25T13:26:19.883+01:00  INFO 32425 --- [backend-electro] [  restartedMain] org.hibernate.orm.connections.pooling    : HHH10001005: Database info:
	Database JDBC URL [jdbc:postgresql://localhost:5433/mydb]
	Database driver: PostgreSQL JDBC Driver
	Database dialect: PostgreSQLDialect
	Database version: 16.12
	Default catalog/schema: mydb/public
	Autocommit mode: undefined/unknown
	Isolation level: READ_COMMITTED [default READ_COMMITTED]
	JDBC fetch size: none
	Pool: DatasourceConnectionProviderImpl
	Minimum pool size: undefined/unknown
	Maximum pool size: undefined/unknown
2026-02-25T13:26:22.671+01:00  INFO 32425 --- [backend-electro] [  restartedMain] o.h.e.t.j.p.i.JtaPlatformInitiator       : HHH000489: No JTA platform available (set 'hibernate.transaction.jta.platform' to enable JTA platform integration)
2026-02-25T13:26:23.134+01:00  INFO 32425 --- [backend-electro] [  restartedMain] j.LocalContainerEntityManagerFactoryBean : Initialized JPA EntityManagerFactory for persistence unit 'default'
2026-02-25T13:26:23.400+01:00  INFO 32425 --- [backend-electro] [  restartedMain] o.s.d.j.r.query.QueryEnhancerFactories   : Hibernate is in classpath; If applicable, HQL parser will be used.
2026-02-25T13:26:31.191+01:00  WARN 32425 --- [backend-electro] [  restartedMain] JpaBaseConfiguration$JpaWebConfiguration : spring.jpa.open-in-view is enabled by default. Therefore, database queries may be performed during view rendering. Explicitly configure spring.jpa.open-in-view to disable this warning
2026-02-25T13:26:31.471+01:00  WARN 32425 --- [backend-electro] [  restartedMain] .s.a.UserDetailsServiceAutoConfiguration : 

Using generated security password: e39abeae-3de6-4cb3-8e4c-4c61f8f563b7

This generated password is for development use only. Your security configuration must be updated before running your application in production.

2026-02-25T13:26:31.494+01:00  INFO 32425 --- [backend-electro] [  restartedMain] r$InitializeUserDetailsManagerConfigurer : Global AuthenticationManager configured with UserDetailsService bean with name inMemoryUserDetailsManager
2026-02-25T13:26:32.397+01:00 DEBUG 32425 --- [backend-electro] [  restartedMain] s.w.s.m.m.a.RequestMappingHandlerMapping : 101 mappings in 'requestMappingHandlerMapping'
2026-02-25T13:26:32.452+01:00 DEBUG 32425 --- [backend-electro] [  restartedMain] o.s.w.s.handler.SimpleUrlHandlerMapping  : Patterns [/webjars/**, /**, /swagger-ui*/*swagger-initializer.js, /swagger-ui*/**] in 'resourceHandlerMapping'
2026-02-25T13:26:32.524+01:00 DEBUG 32425 --- [backend-electro] [  restartedMain] s.w.s.m.m.a.RequestMappingHandlerAdapter : ControllerAdvice beans: 0 @ModelAttribute, 0 @InitBinder, 1 RequestBodyAdvice, 1 ResponseBodyAdvice
2026-02-25T13:26:32.648+01:00 DEBUG 32425 --- [backend-electro] [  restartedMain] .m.m.a.ExceptionHandlerExceptionResolver : ControllerAdvice beans: 2 @ExceptionHandler, 1 ResponseBodyAdvice
2026-02-25T13:26:33.209+01:00  INFO 32425 --- [backend-electro] [  restartedMain] o.s.boot.tomcat.TomcatWebServer          : Tomcat started on port 9080 (http) with context path '/api'
2026-02-25T13:26:33.253+01:00  INFO 32425 --- [backend-electro] [  restartedMain] c.p.backend.BackendElectroApplication    : Started BackendElectroApplication in 28.832 seconds (process running for 31.817)
Hibernate: 
    select
        a1_0.id_admin 
    from
        administrateur a1_0 
    where
        a1_0.email=? 
    fetch
        first ? rows only
Hibernate: 
    select
        um1_0.id,
        um1_0.adr,
        um1_0.age,
        um1_0.application_id,
        um1_0.application_name,
        um1_0.bandwidth,
        um1_0.bpm_moyen,
        um1_0.code_rate,
        um1_0.confirmed_uplink,
        um1_0.data,
        um1_0.ddr,
        um1_0.dev_addr,
        um1_0.dev_eui,
        um1_0.device_name,
        um1_0.device_profile_id,
        um1_0.device_profile_name,
        um1_0.dr,
        um1_0.f_cnt,
        um1_0.f_port,
        um1_0.fcf,
        um1_0.frequency,
        um1_0.glycemie,
        um1_0.id_patient,
        um1_0.modulation,
        um1_0.poids,
        um1_0.polarization_inversion,
        um1_0.processed,
        um1_0.published_at,
        um1_0.spreading_factor,
        um1_0.taille,
        um1_0.temperature,
        um1_0.tension,
        um1_0.tension_dia,
        um1_0.tension_sys,
        um1_0.type 
    from
        uplink_messages um1_0 
    where
        um1_0.processed=false 
    order by
        um1_0.published_at
2026-02-25T13:26:33.564+01:00  INFO 32425 --- [backend-electro] [  restartedMain] c.p.backend.config.DataInitializer       : Super Admin existe déjà.
2026-02-25T13:26:33.581+01:00  INFO 32425 --- [backend-electro] [   scheduling-1] c.p.b.service.UplinkMessageService       : Traitement de 1 nouveaux messages uplink
Hibernate: 
    select
        d1_0.id_dispositif,
        d1_0.id_administrateur,
        d1_0.appeui,
        d1_0.appkey,
        d1_0.contact,
        d1_0.created_at,
        d1_0.date_installation,
        d1_0.deveui,
        d1_0.id_infirmier_local,
        d1_0.localisation,
        d1_0.nom_centre_de_sante,
        d1_0.statut,
        d1_0.updated_at 
    from
        dispositif d1_0 
    where
        d1_0.deveui=?
Hibernate: 
    select
        p1_0.id_parametres,
        p1_0.age_patient,
        p1_0.created_at,
        p1_0.date_dernieres_regles,
        p1_0.date_mesure,
        p1_0.id_dispositif,
        p1_0.frequence_cardiaque_mere,
        p1_0.frequence_foetale,
        p1_0.glycemie,
        p1_0.identifiant_patient,
        p1_0.poids_patient,
        p1_0.pression_arterielle_diastolique,
        p1_0.pression_arterielle_systolique,
        p1_0.saturation_oxygene,
        p1_0.statut,
        p1_0.taille_patient,
        p1_0.temperature,
        p1_0.verrouille_at,
        p1_0.verrouille_par_medecin_id 
    from
        parametres p1_0 
    where
        p1_0.identifiant_patient=? 
        and p1_0.statut=?
Hibernate: 
    select
        il1_0.id_infirmier,
        il1_0.id_administrateur,
        il1_0.created_at,
        il1_0.genre,
        il1_0.nom,
        il1_0.prenom,
        il1_0.statut,
        il1_0.telephone1,
        il1_0.telephone2,
        il1_0.updated_at,
        il1_0.zone_affectation 
    from
        infirmier_local il1_0 
    where
        il1_0.id_infirmier=?
2026-02-25T13:26:33.740+01:00 ERROR 32425 --- [backend-electro] [   scheduling-1] c.p.b.service.UplinkMessageService       : Erreur lors du traitement du message ID=12: Validation failed for classes [com.polytechnique.backend.entity.Parametres] during persist time for groups [jakarta.validation.groups.Default, ]
List of constraint violations:[
	ConstraintViolationImpl{interpolatedMessage='La température doit être >= 30°C', propertyPath=temperature, rootBeanClass=class com.polytechnique.backend.entity.Parametres, messageTemplate='La température doit être >= 30°C'}
]
Hibernate: 
    select
        um1_0.id,
        um1_0.adr,
        um1_0.age,
        um1_0.application_id,
        um1_0.application_name,
        um1_0.bandwidth,
        um1_0.bpm_moyen,
        um1_0.code_rate,
        um1_0.confirmed_uplink,
        um1_0.data,
        um1_0.ddr,
        um1_0.dev_addr,
        um1_0.dev_eui,
        um1_0.device_name,
        um1_0.device_profile_id,
        um1_0.device_profile_name,
        um1_0.dr,
        um1_0.f_cnt,
        um1_0.f_port,
        um1_0.fcf,
        um1_0.frequency,
        um1_0.glycemie,
        um1_0.id_patient,
        um1_0.modulation,
        um1_0.poids,
        um1_0.polarization_inversion,
        um1_0.processed,
        um1_0.published_at,
        um1_0.spreading_factor,
        um1_0.taille,
        um1_0.temperature,
        um1_0.tension,
        um1_0.tension_dia,
        um1_0.tension_sys,
        um1_0.type 
    from
        uplink_messages um1_0 
    where
        um1_0.id=?
Hibernate: 
    update
        uplink_messages 
    set
        adr=?,
        age=?,
        application_id=?,
        application_name=?,
        bandwidth=?,
        bpm_moyen=?,
        code_rate=?,
        confirmed_uplink=?,
        data=?,
        ddr=?,
        dev_addr=?,
        dev_eui=?,
        device_name=?,
        device_profile_id=?,
        device_profile_name=?,
        dr=?,
        f_cnt=?,
        f_port=?,
        fcf=?,
        frequency=?,
        glycemie=?,
        id_patient=?,
        modulation=?,
        poids=?,
        polarization_inversion=?,
        processed=?,
        published_at=?,
        spreading_factor=?,
        taille=?,
        temperature=?,
        tension=?,
        tension_dia=?,
        tension_sys=?,
        type=? 
    where
        id=?
Hibernate: 
    select
        p1_0.id_parametres,
        p1_0.age_patient,
        p1_0.created_at,
        p1_0.date_dernieres_regles,
        p1_0.date_mesure,
        p1_0.id_dispositif,
        d1_0.id_dispositif,
        a1_0.id_admin,
        a1_0.created_at,
        a1_0.doit_changer_mot_de_passe,
        a1_0.email,
        a1_0.genre,
        a1_0.mot_de_passe,
        a1_0.nom,
        a1_0.numero_cni,
        a1_0.patient_lock_timeout,
        a1_0.role,
        a1_0.statut,
        a1_0.tel,
        a1_0.tel2,
        a1_0.updated_at,
        d1_0.appeui,
        d1_0.appkey,
        d1_0.contact,
        d1_0.created_at,
        d1_0.date_installation,
        d1_0.deveui,
        d1_0.id_infirmier_local,
        d1_0.localisation,
        d1_0.nom_centre_de_sante,
        d1_0.statut,
        d1_0.updated_at,
        p1_0.frequence_cardiaque_mere,
        p1_0.frequence_foetale,
        p1_0.glycemie,
        p1_0.identifiant_patient,
        p1_0.poids_patient,
        p1_0.pression_arterielle_diastolique,
        p1_0.pression_arterielle_systolique,
        p1_0.saturation_oxygene,
        p1_0.statut,
        p1_0.taille_patient,
        p1_0.temperature,
        p1_0.verrouille_at,
        p1_0.verrouille_par_medecin_id 
    from
        parametres p1_0 
    join
        dispositif d1_0 
            on d1_0.id_dispositif=p1_0.id_dispositif 
    left join
        administrateur a1_0 
            on a1_0.id_admin=d1_0.id_administrateur 
    where
        p1_0.verrouille_par_medecin_id is not null
Hibernate: 
    select
        um1_0.id,
        um1_0.adr,
        um1_0.age,
        um1_0.application_id,
        um1_0.application_name,
        um1_0.bandwidth,
        um1_0.bpm_moyen,
        um1_0.code_rate,
        um1_0.confirmed_uplink,
        um1_0.data,
        um1_0.ddr,
        um1_0.dev_addr,
        um1_0.dev_eui,
        um1_0.device_name,
        um1_0.device_profile_id,
        um1_0.device_profile_name,
        um1_0.dr,
        um1_0.f_cnt,
        um1_0.f_port,
        um1_0.fcf,
        um1_0.frequency,
        um1_0.glycemie,
        um1_0.id_patient,
        um1_0.modulation,
        um1_0.poids,
        um1_0.polarization_inversion,
        um1_0.processed,
        um1_0.published_at,
        um1_0.spreading_factor,
        um1_0.taille,
        um1_0.temperature,
        um1_0.tension,
        um1_0.tension_dia,
        um1_0.tension_sys,
        um1_0.type 
    from
        uplink_messages um1_0 
    where
        um1_0.processed=false 
    order by
        um1_0.published_at
Hibernate: 
    select
        um1_0.id,
        um1_0.adr,
        um1_0.age,
        um1_0.application_id,
        um1_0.application_name,
        um1_0.bandwidth,
        um1_0.bpm_moyen,
        um1_0.code_rate,
        um1_0.confirmed_uplink,
        um1_0.data,
        um1_0.ddr,
        um1_0.dev_addr,
        um1_0.dev_eui,
        um1_0.device_name,
        um1_0.device_profile_id,
        um1_0.device_profile_name,
        um1_0.dr,
        um1_0.f_cnt,
        um1_0.f_port,
        um1_0.fcf,
        um1_0.frequency,
        um1_0.glycemie,
        um1_0.id_patient,
        um1_0.modulation,
        um1_0.poids,
        um1_0.polarization_inversion,
        um1_0.processed,
        um1_0.published_at,
        um1_0.spreading_factor,
        um1_0.taille,
        um1_0.temperature,
        um1_0.tension,
        um1_0.tension_dia,
        um1_0.tension_sys,
        um1_0.type 
    from
        uplink_messages um1_0 
    where
        um1_0.processed=false 
    order by
        um1_0.published_at
Hibernate: 
    select
        um1_0.id,
        um1_0.adr,
        um1_0.age,
        um1_0.application_id,
        um1_0.application_name,
        um1_0.bandwidth,
        um1_0.bpm_moyen,
        um1_0.code_rate,
        um1_0.confirmed_uplink,
        um1_0.data,
        um1_0.ddr,
        um1_0.dev_addr,
        um1_0.dev_eui,
        um1_0.device_name,
        um1_0.device_profile_id,
        um1_0.device_profile_name,
        um1_0.dr,
        um1_0.f_cnt,
        um1_0.f_port,
        um1_0.fcf,
        um1_0.frequency,
        um1_0.glycemie,
        um1_0.id_patient,
        um1_0.modulation,
        um1_0.poids,
        um1_0.polarization_inversion,
        um1_0.processed,
        um1_0.published_at,
        um1_0.spreading_factor,
        um1_0.taille,
        um1_0.temperature,
        um1_0.tension,
        um1_0.tension_dia,
        um1_0.tension_sys,
        um1_0.type 
    from
        uplink_messages um1_0 
    where
        um1_0.processed=false 
    order by
        um1_0.published_at
Hibernate: 
    select
        um1_0.id,
        um1_0.adr,
        um1_0.age,
        um1_0.application_id,
        um1_0.application_name,
        um1_0.bandwidth,
        um1_0.bpm_moyen,
        um1_0.code_rate,
        um1_0.confirmed_uplink,
        um1_0.data,
        um1_0.ddr,
        um1_0.dev_addr,
        um1_0.dev_eui,
        um1_0.device_name,
        um1_0.device_profile_id,
        um1_0.device_profile_name,
        um1_0.dr,
        um1_0.f_cnt,
        um1_0.f_port,
        um1_0.fcf,
        um1_0.frequency,
        um1_0.glycemie,
        um1_0.id_patient,
        um1_0.modulation,
        um1_0.poids,
        um1_0.polarization_inversion,
        um1_0.processed,
        um1_0.published_at,
        um1_0.spreading_factor,
        um1_0.taille,
        um1_0.temperature,
        um1_0.tension,
        um1_0.tension_dia,
        um1_0.tension_sys,
        um1_0.type 
    from
        uplink_messages um1_0 
    where
        um1_0.processed=false 
    order by
        um1_0.published_at
Hibernate: 
    select
        um1_0.id,
        um1_0.adr,
        um1_0.age,
        um1_0.application_id,
        um1_0.application_name,
        um1_0.bandwidth,
        um1_0.bpm_moyen,
        um1_0.code_rate,
        um1_0.confirmed_uplink,
        um1_0.data,
        um1_0.ddr,
        um1_0.dev_addr,
        um1_0.dev_eui,
        um1_0.device_name,
        um1_0.device_profile_id,
        um1_0.device_profile_name,
        um1_0.dr,
        um1_0.f_cnt,
        um1_0.f_port,
        um1_0.fcf,
        um1_0.frequency,
        um1_0.glycemie,
        um1_0.id_patient,
        um1_0.modulation,
        um1_0.poids,
        um1_0.polarization_inversion,
        um1_0.processed,
        um1_0.published_at,
        um1_0.spreading_factor,
        um1_0.taille,
        um1_0.temperature,
        um1_0.tension,
        um1_0.tension_dia,
        um1_0.tension_sys,
        um1_0.type 
    from
        uplink_messages um1_0 
    where
        um1_0.processed=false 
    order by
        um1_0.published_at
Hibernate: 
    select
        p1_0.id_parametres,
        p1_0.age_patient,
        p1_0.created_at,
        p1_0.date_dernieres_regles,
        p1_0.date_mesure,
        p1_0.id_dispositif,
        d1_0.id_dispositif,
        a1_0.id_admin,
        a1_0.created_at,
        a1_0.doit_changer_mot_de_passe,
        a1_0.email,
        a1_0.genre,
        a1_0.mot_de_passe,
        a1_0.nom,
        a1_0.numero_cni,
        a1_0.patient_lock_timeout,
        a1_0.role,
        a1_0.statut,
        a1_0.tel,
        a1_0.tel2,
        a1_0.updated_at,
        d1_0.appeui,
        d1_0.appkey,
        d1_0.contact,
        d1_0.created_at,
        d1_0.date_installation,
        d1_0.deveui,
        d1_0.id_infirmier_local,
        d1_0.localisation,
        d1_0.nom_centre_de_sante,
        d1_0.statut,
        d1_0.updated_at,
        p1_0.frequence_cardiaque_mere,
        p1_0.frequence_foetale,
        p1_0.glycemie,
        p1_0.identifiant_patient,
        p1_0.poids_patient,
        p1_0.pression_arterielle_diastolique,
        p1_0.pression_arterielle_systolique,
        p1_0.saturation_oxygene,
        p1_0.statut,
        p1_0.taille_patient,
        p1_0.temperature,
        p1_0.verrouille_at,
        p1_0.verrouille_par_medecin_id 
    from
        parametres p1_0 
    join
        dispositif d1_0 
            on d1_0.id_dispositif=p1_0.id_dispositif 
    left join
        administrateur a1_0 
            on a1_0.id_admin=d1_0.id_administrateur 
    where
        p1_0.verrouille_par_medecin_id is not null
Hibernate: 
    select
        um1_0.id,
        um1_0.adr,
        um1_0.age,
        um1_0.application_id,
        um1_0.application_name,
        um1_0.bandwidth,
        um1_0.bpm_moyen,
        um1_0.code_rate,
        um1_0.confirmed_uplink,
        um1_0.data,
        um1_0.ddr,
        um1_0.dev_addr,
        um1_0.dev_eui,
        um1_0.device_name,
        um1_0.device_profile_id,
        um1_0.device_profile_name,
        um1_0.dr,
        um1_0.f_cnt,
        um1_0.f_port,
        um1_0.fcf,
        um1_0.frequency,
        um1_0.glycemie,
        um1_0.id_patient,
        um1_0.modulation,
        um1_0.poids,
        um1_0.polarization_inversion,
        um1_0.processed,
        um1_0.published_at,
        um1_0.spreading_factor,
        um1_0.taille,
        um1_0.temperature,
        um1_0.tension,
        um1_0.tension_dia,
        um1_0.tension_sys,
        um1_0.type 
    from
        uplink_messages um1_0 
    where
        um1_0.processed=false 
    order by
        um1_0.published_at
Hibernate: 
    select
        um1_0.id,
        um1_0.adr,
        um1_0.age,
        um1_0.application_id,
        um1_0.application_name,
        um1_0.bandwidth,
        um1_0.bpm_moyen,
        um1_0.code_rate,
        um1_0.confirmed_uplink,
        um1_0.data,
        um1_0.ddr,
        um1_0.dev_addr,
        um1_0.dev_eui,
        um1_0.device_name,
        um1_0.device_profile_id,
        um1_0.device_profile_name,
        um1_0.dr,
        um1_0.f_cnt,
        um1_0.f_port,
        um1_0.fcf,
        um1_0.frequency,
        um1_0.glycemie,
        um1_0.id_patient,
        um1_0.modulation,
        um1_0.poids,
        um1_0.polarization_inversion,
        um1_0.processed,
        um1_0.published_at,
        um1_0.spreading_factor,
        um1_0.taille,
        um1_0.temperature,
        um1_0.tension,
        um1_0.tension_dia,
        um1_0.tension_sys,
        um1_0.type 
    from
        uplink_messages um1_0 
    where
        um1_0.processed=false 
    order by
        um1_0.published_at
Hibernate: 
    select
        um1_0.id,
        um1_0.adr,
        um1_0.age,
        um1_0.application_id,
        um1_0.application_name,
        um1_0.bandwidth,
        um1_0.bpm_moyen,
        um1_0.code_rate,
        um1_0.confirmed_uplink,
        um1_0.data,
        um1_0.ddr,
        um1_0.dev_addr,
        um1_0.dev_eui,
        um1_0.device_name,
        um1_0.device_profile_id,
        um1_0.device_profile_name,
        um1_0.dr,
        um1_0.f_cnt,
        um1_0.f_port,
        um1_0.fcf,
        um1_0.frequency,
        um1_0.glycemie,
        um1_0.id_patient,
        um1_0.modulation,
        um1_0.poids,
        um1_0.polarization_inversion,
        um1_0.processed,
        um1_0.published_at,
        um1_0.spreading_factor,
        um1_0.taille,
        um1_0.temperature,
        um1_0.tension,
        um1_0.tension_dia,
        um1_0.tension_sys,
        um1_0.type 
    from
        uplink_messages um1_0 
    where
        um1_0.processed=false 
    order by
        um1_0.published_at
Hibernate: 
    select
        um1_0.id,
        um1_0.adr,
        um1_0.age,
        um1_0.application_id,
        um1_0.application_name,
        um1_0.bandwidth,
        um1_0.bpm_moyen,
        um1_0.code_rate,
        um1_0.confirmed_uplink,
        um1_0.data,
        um1_0.ddr,
        um1_0.dev_addr,
        um1_0.dev_eui,
        um1_0.device_name,
        um1_0.device_profile_id,
        um1_0.device_profile_name,
        um1_0.dr,
        um1_0.f_cnt,
        um1_0.f_port,
        um1_0.fcf,
        um1_0.frequency,
        um1_0.glycemie,
        um1_0.id_patient,
        um1_0.modulation,
        um1_0.poids,
        um1_0.polarization_inversion,
        um1_0.processed,
        um1_0.published_at,
        um1_0.spreading_factor,
        um1_0.taille,
        um1_0.temperature,
        um1_0.tension,
        um1_0.tension_dia,
        um1_0.tension_sys,
        um1_0.type 
    from
        uplink_messages um1_0 
    where
        um1_0.processed=false 
    order by
        um1_0.published_at
Hibernate: 
    select
        um1_0.id,
        um1_0.adr,
        um1_0.age,
        um1_0.application_id,
        um1_0.application_name,
        um1_0.bandwidth,
        um1_0.bpm_moyen,
        um1_0.code_rate,
        um1_0.confirmed_uplink,
        um1_0.data,
        um1_0.ddr,
        um1_0.dev_addr,
        um1_0.dev_eui,
        um1_0.device_name,
        um1_0.device_profile_id,
        um1_0.device_profile_name,
        um1_0.dr,
        um1_0.f_cnt,
        um1_0.f_port,
        um1_0.fcf,
        um1_0.frequency,
        um1_0.glycemie,
        um1_0.id_patient,
        um1_0.modulation,
        um1_0.poids,
        um1_0.polarization_inversion,
        um1_0.processed,
        um1_0.published_at,
        um1_0.spreading_factor,
        um1_0.taille,
        um1_0.temperature,
        um1_0.tension,
        um1_0.tension_dia,
        um1_0.tension_sys,
        um1_0.type 
    from
        uplink_messages um1_0 
    where
        um1_0.processed=false 
    order by
        um1_0.published_at
Hibernate: 
    select
        um1_0.id,
        um1_0.adr,
        um1_0.age,
        um1_0.application_id,
        um1_0.application_name,
        um1_0.bandwidth,
        um1_0.bpm_moyen,
        um1_0.code_rate,
        um1_0.confirmed_uplink,
        um1_0.data,
        um1_0.ddr,
        um1_0.dev_addr,
        um1_0.dev_eui,
        um1_0.device_name,
        um1_0.device_profile_id,
        um1_0.device_profile_name,
        um1_0.dr,
        um1_0.f_cnt,
        um1_0.f_port,
        um1_0.fcf,
        um1_0.frequency,
        um1_0.glycemie,
        um1_0.id_patient,
        um1_0.modulation,
        um1_0.poids,
        um1_0.polarization_inversion,
        um1_0.processed,
        um1_0.published_at,
        um1_0.spreading_factor,
        um1_0.taille,
        um1_0.temperature,
        um1_0.tension,
        um1_0.tension_dia,
        um1_0.tension_sys,
        um1_0.type 
    from
        uplink_messages um1_0 
    where
        um1_0.processed=false 
    order by
        um1_0.published_at
Hibernate: 
    select
        p1_0.id_parametres,
        p1_0.age_patient,
        p1_0.created_at,
        p1_0.date_dernieres_regles,
        p1_0.date_mesure,
        p1_0.id_dispositif,
        d1_0.id_dispositif,
        a1_0.id_admin,
        a1_0.created_at,
        a1_0.doit_changer_mot_de_passe,
        a1_0.email,
        a1_0.genre,
        a1_0.mot_de_passe,
        a1_0.nom,
        a1_0.numero_cni,
        a1_0.patient_lock_timeout,
        a1_0.role,
        a1_0.statut,
        a1_0.tel,
        a1_0.tel2,
        a1_0.updated_at,
        d1_0.appeui,
        d1_0.appkey,
        d1_0.contact,
        d1_0.created_at,
        d1_0.date_installation,
        d1_0.deveui,
        d1_0.id_infirmier_local,
        d1_0.localisation,
        d1_0.nom_centre_de_sante,
        d1_0.statut,
        d1_0.updated_at,
        p1_0.frequence_cardiaque_mere,
        p1_0.frequence_foetale,
        p1_0.glycemie,
        p1_0.identifiant_patient,
        p1_0.poids_patient,
        p1_0.pression_arterielle_diastolique,
        p1_0.pression_arterielle_systolique,
        p1_0.saturation_oxygene,
        p1_0.statut,
        p1_0.taille_patient,
        p1_0.temperature,
        p1_0.verrouille_at,
        p1_0.verrouille_par_medecin_id 
    from
        parametres p1_0 
    join
        dispositif d1_0 
            on d1_0.id_dispositif=p1_0.id_dispositif 
    left join
        administrateur a1_0 
            on a1_0.id_admin=d1_0.id_administrateur 
    where
        p1_0.verrouille_par_medecin_id is not null
Hibernate: 
    select
        um1_0.id,
        um1_0.adr,
        um1_0.age,
        um1_0.application_id,
        um1_0.application_name,
        um1_0.bandwidth,
        um1_0.bpm_moyen,
        um1_0.code_rate,
        um1_0.confirmed_uplink,
        um1_0.data,
        um1_0.ddr,
        um1_0.dev_addr,
        um1_0.dev_eui,
        um1_0.device_name,
        um1_0.device_profile_id,
        um1_0.device_profile_name,
        um1_0.dr,
        um1_0.f_cnt,
        um1_0.f_port,
        um1_0.fcf,
        um1_0.frequency,
        um1_0.glycemie,
        um1_0.id_patient,
        um1_0.modulation,
        um1_0.poids,
        um1_0.polarization_inversion,
        um1_0.processed,
        um1_0.published_at,
        um1_0.spreading_factor,
        um1_0.taille,
        um1_0.temperature,
        um1_0.tension,
        um1_0.tension_dia,
        um1_0.tension_sys,
        um1_0.type 
    from
        uplink_messages um1_0 
    where
        um1_0.processed=false 
    order by
        um1_0.published_at
Hibernate: 
    select
        um1_0.id,
        um1_0.adr,
        um1_0.age,
        um1_0.application_id,
        um1_0.application_name,
        um1_0.bandwidth,
        um1_0.bpm_moyen,
        um1_0.code_rate,
        um1_0.confirmed_uplink,
        um1_0.data,
        um1_0.ddr,
        um1_0.dev_addr,
        um1_0.dev_eui,
        um1_0.device_name,
        um1_0.device_profile_id,
        um1_0.device_profile_name,
        um1_0.dr,
        um1_0.f_cnt,
        um1_0.f_port,
        um1_0.fcf,
        um1_0.frequency,
        um1_0.glycemie,
        um1_0.id_patient,
        um1_0.modulation,
        um1_0.poids,
        um1_0.polarization_inversion,
        um1_0.processed,
        um1_0.published_at,
        um1_0.spreading_factor,
        um1_0.taille,
        um1_0.temperature,
        um1_0.tension,
        um1_0.tension_dia,
        um1_0.tension_sys,
        um1_0.type 
    from
        uplink_messages um1_0 
    where
        um1_0.processed=false 
    order by
        um1_0.published_at
Hibernate: 
    select
        um1_0.id,
        um1_0.adr,
        um1_0.age,
        um1_0.application_id,
        um1_0.application_name,
        um1_0.bandwidth,
        um1_0.bpm_moyen,
        um1_0.code_rate,
        um1_0.confirmed_uplink,
        um1_0.data,
        um1_0.ddr,
        um1_0.dev_addr,
        um1_0.dev_eui,
        um1_0.device_name,
        um1_0.device_profile_id,
        um1_0.device_profile_name,
        um1_0.dr,
        um1_0.f_cnt,
        um1_0.f_port,
        um1_0.fcf,
        um1_0.frequency,
        um1_0.glycemie,
        um1_0.id_patient,
        um1_0.modulation,
        um1_0.poids,
        um1_0.polarization_inversion,
        um1_0.processed,
        um1_0.published_at,
        um1_0.spreading_factor,
        um1_0.taille,
        um1_0.temperature,
        um1_0.tension,
        um1_0.tension_dia,
        um1_0.tension_sys,
        um1_0.type 
    from
        uplink_messages um1_0 
    where
        um1_0.processed=false 
    order by
        um1_0.published_at
2026-02-25T13:27:44.514+01:00  INFO 32425 --- [backend-electro] [   File Watcher] rtingClassPathChangeChangedEventListener : Restarting due to 166 class path changes (0 additions, 166 deletions, 0 modifications)
2026-02-25T13:27:44.580+01:00  INFO 32425 --- [backend-electro] [       Thread-1] o.s.boot.tomcat.GracefulShutdown         : Commencing graceful shutdown. Waiting for active requests to complete
2026-02-25T13:27:44.625+01:00  INFO 32425 --- [backend-electro] [tomcat-shutdown] o.s.boot.tomcat.GracefulShutdown         : Graceful shutdown complete
2026-02-25T13:27:44.850+01:00  INFO 32425 --- [backend-electro] [       Thread-1] j.LocalContainerEntityManagerFactoryBean : Closing JPA EntityManagerFactory for persistence unit 'default'
2026-02-25T13:27:44.864+01:00  INFO 32425 --- [backend-electro] [       Thread-1] com.zaxxer.hikari.HikariDataSource       : HikariPool-1 - Shutdown initiated...
2026-02-25T13:27:44.908+01:00  INFO 32425 --- [backend-electro] [       Thread-1] com.zaxxer.hikari.HikariDataSource       : HikariPool-1 - Shutdown completed.

  .   ____          _            __ _ _
 /\\ / ___'_ __ _ _(_)_ __  __ _ \ \ \ \
( ( )\___ | '_ | '_| | '_ \/ _` | \ \ \ \
 \\/  ___)| |_)| | | | | || (_| |  ) ) ) )
  '  |____| .__|_| |_|_| |_\__, | / / / /
 =========|_|==============|___/=/_/_/_/

 :: Spring Boot ::                (v4.0.0)

2026-02-25T13:27:45.982+01:00  INFO 32425 --- [backend-electro] [  restartedMain] c.p.backend.BackendElectroApplication    : Starting BackendElectroApplication using Java 23 with PID 32425 (/home/delta/DD/Projets 4Gi/electronique/backend-electro/target/classes started by delta in /home/delta/DD/Projets 4Gi/electronique/backend-electro)
2026-02-25T13:27:45.983+01:00  INFO 32425 --- [backend-electro] [  restartedMain] c.p.backend.BackendElectroApplication    : No active profile set, falling back to 1 default profile: "default"
2026-02-25T13:27:47.197+01:00  INFO 32425 --- [backend-electro] [  restartedMain] .s.d.r.c.RepositoryConfigurationDelegate : Bootstrapping Spring Data JPA repositories in DEFAULT mode.
2026-02-25T13:27:47.203+01:00  INFO 32425 --- [backend-electro] [  restartedMain] .s.d.r.c.RepositoryConfigurationDelegate : Finished Spring Data repository scanning in 2 ms. Found 0 JPA repository interfaces.
2026-02-25T13:27:47.975+01:00  INFO 32425 --- [backend-electro] [  restartedMain] o.s.boot.tomcat.TomcatWebServer          : Tomcat initialized with port 8080 (http)
2026-02-25T13:27:48.049+01:00  INFO 32425 --- [backend-electro] [  restartedMain] o.apache.catalina.core.StandardService   : Starting service [Tomcat]
2026-02-25T13:27:48.050+01:00  INFO 32425 --- [backend-electro] [  restartedMain] o.apache.catalina.core.StandardEngine    : Starting Servlet engine: [Apache Tomcat/11.0.14]
2026-02-25T13:27:48.304+01:00  INFO 32425 --- [backend-electro] [  restartedMain] b.w.c.s.WebApplicationContextInitializer : Root WebApplicationContext: initialization completed in 2303 ms
2026-02-25T13:27:48.494+01:00  WARN 32425 --- [backend-electro] [  restartedMain] ConfigServletWebServerApplicationContext : Exception encountered during context initialization - cancelling refresh attempt: org.springframework.beans.factory.BeanCreationException: Error creating bean with name 'entityManagerFactory' defined in class path resource [org/springframework/boot/hibernate/autoconfigure/HibernateJpaConfiguration.class]: Failed to initialize dependency 'inMemoryDatabaseShutdownExecutor' of LoadTimeWeaverAware bean 'entityManagerFactory': Error creating bean with name 'inMemoryDatabaseShutdownExecutor' defined in class path resource [org/springframework/boot/devtools/autoconfigure/DevToolsDataSourceAutoConfiguration.class]: Unsatisfied dependency expressed through method 'inMemoryDatabaseShutdownExecutor' parameter 0: Error creating bean with name 'dataSource' defined in class path resource [org/springframework/boot/jdbc/autoconfigure/DataSourceConfiguration$Hikari.class]: Failed to instantiate [com.zaxxer.hikari.HikariDataSource]: Factory method 'dataSource' threw exception with message: Failed to determine a suitable driver class
2026-02-25T13:27:48.495+01:00  INFO 32425 --- [backend-electro] [  restartedMain] o.apache.catalina.core.StandardService   : Stopping service [Tomcat]
2026-02-25T13:27:48.513+01:00  INFO 32425 --- [backend-electro] [  restartedMain] .s.b.a.l.ConditionEvaluationReportLogger : 

Error starting ApplicationContext. To display the condition evaluation report re-run your application with 'debug' enabled.
2026-02-25T13:27:48.626+01:00 ERROR 32425 --- [backend-electro] [  restartedMain] o.s.b.d.LoggingFailureAnalysisReporter   : 

***************************
APPLICATION FAILED TO START
***************************

Description:

Failed to configure a DataSource: 'url' attribute is not specified and no embedded datasource could be configured.

Reason: Failed to determine a suitable driver class


Action:

Consider the following:
	If you want an embedded database (H2, HSQL or Derby), please put it on the classpath.
	If you have database settings to be loaded from a particular profile you may need to activate it (no profiles are currently active).


  .   ____          _            __ _ _
 /\\ / ___'_ __ _ _(_)_ __  __ _ \ \ \ \
( ( )\___ | '_ | '_| | '_ \/ _` | \ \ \ \
 \\/  ___)| |_)| | | | | || (_| |  ) ) ) )
  '  |____| .__|_| |_|_| |_\__, | / / / /
 =========|_|==============|___/=/_/_/_/

 :: Spring Boot ::                (v4.0.0)

2026-02-25T13:28:02.438+01:00  INFO 32425 --- [backend-electro] [  restartedMain] c.p.backend.BackendElectroApplication    : Starting BackendElectroApplication using Java 23 with PID 32425 (/home/delta/DD/Projets 4Gi/electronique/backend-electro/target/classes started by delta in /home/delta/DD/Projets 4Gi/electronique/backend-electro)
2026-02-25T13:28:02.446+01:00  INFO 32425 --- [backend-electro] [  restartedMain] c.p.backend.BackendElectroApplication    : No active profile set, falling back to 1 default profile: "default"
2026-02-25T13:28:04.577+01:00  INFO 32425 --- [backend-electro] [  restartedMain] .s.d.r.c.RepositoryConfigurationDelegate : Bootstrapping Spring Data JPA repositories in DEFAULT mode.
2026-02-25T13:28:04.834+01:00  INFO 32425 --- [backend-electro] [  restartedMain] .s.d.r.c.RepositoryConfigurationDelegate : Finished Spring Data repository scanning in 233 ms. Found 13 JPA repository interfaces.
2026-02-25T13:28:05.530+01:00  INFO 32425 --- [backend-electro] [  restartedMain] o.s.boot.tomcat.TomcatWebServer          : Tomcat initialized with port 8080 (http)
2026-02-25T13:28:05.534+01:00  INFO 32425 --- [backend-electro] [  restartedMain] o.apache.catalina.core.StandardService   : Starting service [Tomcat]
2026-02-25T13:28:05.534+01:00  INFO 32425 --- [backend-electro] [  restartedMain] o.apache.catalina.core.StandardEngine    : Starting Servlet engine: [Apache Tomcat/11.0.14]
2026-02-25T13:28:05.630+01:00  INFO 32425 --- [backend-electro] [  restartedMain] b.w.c.s.WebApplicationContextInitializer : Root WebApplicationContext: initialization completed in 3167 ms
2026-02-25T13:28:05.723+01:00  WARN 32425 --- [backend-electro] [  restartedMain] ConfigServletWebServerApplicationContext : Exception encountered during context initialization - cancelling refresh attempt: org.springframework.beans.factory.BeanCreationException: Error creating bean with name 'entityManagerFactory' defined in class path resource [org/springframework/boot/hibernate/autoconfigure/HibernateJpaConfiguration.class]: Failed to initialize dependency 'inMemoryDatabaseShutdownExecutor' of LoadTimeWeaverAware bean 'entityManagerFactory': Error creating bean with name 'inMemoryDatabaseShutdownExecutor' defined in class path resource [org/springframework/boot/devtools/autoconfigure/DevToolsDataSourceAutoConfiguration.class]: Unsatisfied dependency expressed through method 'inMemoryDatabaseShutdownExecutor' parameter 0: Error creating bean with name 'dataSource' defined in class path resource [org/springframework/boot/jdbc/autoconfigure/DataSourceConfiguration$Hikari.class]: Failed to instantiate [com.zaxxer.hikari.HikariDataSource]: Factory method 'dataSource' threw exception with message: Failed to determine a suitable driver class
2026-02-25T13:28:05.724+01:00  INFO 32425 --- [backend-electro] [  restartedMain] o.apache.catalina.core.StandardService   : Stopping service [Tomcat]
2026-02-25T13:28:05.732+01:00  INFO 32425 --- [backend-electro] [  restartedMain] .s.b.a.l.ConditionEvaluationReportLogger : 

Error starting ApplicationContext. To display the condition evaluation report re-run your application with 'debug' enabled.
2026-02-25T13:28:05.736+01:00 ERROR 32425 --- [backend-electro] [  restartedMain] o.s.b.d.LoggingFailureAnalysisReporter   : 

***************************
APPLICATION FAILED TO START
***************************

Description:

Failed to configure a DataSource: 'url' attribute is not specified and no embedded datasource could be configured.

Reason: Failed to determine a suitable driver class


Action:

Consider the following:
	If you want an embedded database (H2, HSQL or Derby), please put it on the classpath.
	If you have database settings to be loaded from a particular profile you may need to activate it (no profiles are currently active).


  .   ____          _            __ _ _
 /\\ / ___'_ __ _ _(_)_ __  __ _ \ \ \ \
( ( )\___ | '_ | '_| | '_ \/ _` | \ \ \ \
 \\/  ___)| |_)| | | | | || (_| |  ) ) ) )
  '  |____| .__|_| |_|_| |_\__, | / / / /
 =========|_|==============|___/=/_/_/_/

 :: Spring Boot ::                (v4.0.0)

2026-02-25T13:37:01.993+01:00  INFO 32425 --- [backend-electro] [  restartedMain] c.p.backend.BackendElectroApplication    : Starting BackendElectroApplication using Java 23 with PID 32425 (/home/delta/DD/Projets 4Gi/electronique/backend-electro/target/classes started by delta in /home/delta/DD/Projets 4Gi/electronique/backend-electro)
2026-02-25T13:37:01.994+01:00  INFO 32425 --- [backend-electro] [  restartedMain] c.p.backend.BackendElectroApplication    : No active profile set, falling back to 1 default profile: "default"
2026-02-25T13:37:02.034+01:00  WARN 32425 --- [backend-electro] [  restartedMain] ConfigServletWebServerApplicationContext : Exception encountered during context initialization - cancelling refresh attempt: org.springframework.beans.factory.BeanDefinitionStoreException: I/O failure while processing configuration class [com.polytechnique.backend.service.impl.DiagnosticServiceImpl]
2026-02-25T13:37:02.055+01:00 ERROR 32425 --- [backend-electro] [  restartedMain] o.s.boot.SpringApplication               : Application run failed

org.springframework.beans.factory.BeanDefinitionStoreException: I/O failure while processing configuration class [com.polytechnique.backend.service.impl.DiagnosticServiceImpl]
	at org.springframework.context.annotation.ConfigurationClassParser.processConfigurationClass(ConfigurationClassParser.java:288) ~[spring-context-7.0.1.jar:7.0.1]
	at org.springframework.context.annotation.ConfigurationClassParser.parse(ConfigurationClassParser.java:220) ~[spring-context-7.0.1.jar:7.0.1]
	at org.springframework.context.annotation.ConfigurationClassParser.doProcessConfigurationClass(ConfigurationClassParser.java:355) ~[spring-context-7.0.1.jar:7.0.1]
	at org.springframework.context.annotation.ConfigurationClassParser.processConfigurationClass(ConfigurationClassParser.java:283) ~[spring-context-7.0.1.jar:7.0.1]
	at org.springframework.context.annotation.ConfigurationClassParser.parse(ConfigurationClassParser.java:206) ~[spring-context-7.0.1.jar:7.0.1]
	at org.springframework.context.annotation.ConfigurationClassParser.parse(ConfigurationClassParser.java:174) ~[spring-context-7.0.1.jar:7.0.1]
	at org.springframework.context.annotation.ConfigurationClassPostProcessor.processConfigBeanDefinitions(ConfigurationClassPostProcessor.java:442) ~[spring-context-7.0.1.jar:7.0.1]
	at org.springframework.context.annotation.ConfigurationClassPostProcessor.postProcessBeanDefinitionRegistry(ConfigurationClassPostProcessor.java:306) ~[spring-context-7.0.1.jar:7.0.1]
	at org.springframework.context.support.PostProcessorRegistrationDelegate.invokeBeanDefinitionRegistryPostProcessors(PostProcessorRegistrationDelegate.java:349) ~[spring-context-7.0.1.jar:7.0.1]
	at org.springframework.context.support.PostProcessorRegistrationDelegate.invokeBeanFactoryPostProcessors(PostProcessorRegistrationDelegate.java:118) ~[spring-context-7.0.1.jar:7.0.1]
	at org.springframework.context.support.AbstractApplicationContext.invokeBeanFactoryPostProcessors(AbstractApplicationContext.java:784) ~[spring-context-7.0.1.jar:7.0.1]
	at org.springframework.context.support.AbstractApplicationContext.refresh(AbstractApplicationContext.java:602) ~[spring-context-7.0.1.jar:7.0.1]
	at org.springframework.boot.web.server.servlet.context.ServletWebServerApplicationContext.refresh(ServletWebServerApplicationContext.java:143) ~[spring-boot-web-server-4.0.0.jar:4.0.0]
	at org.springframework.boot.SpringApplication.refresh(SpringApplication.java:765) ~[spring-boot-4.0.0.jar:4.0.0]
	at org.springframework.boot.SpringApplication.refreshContext(SpringApplication.java:454) ~[spring-boot-4.0.0.jar:4.0.0]
	at org.springframework.boot.SpringApplication.run(SpringApplication.java:321) ~[spring-boot-4.0.0.jar:4.0.0]
	at org.springframework.boot.SpringApplication.run(SpringApplication.java:1374) ~[spring-boot-4.0.0.jar:4.0.0]
	at org.springframework.boot.SpringApplication.run(SpringApplication.java:1363) ~[spring-boot-4.0.0.jar:4.0.0]
	at com.polytechnique.backend.BackendElectroApplication.main(BackendElectroApplication.java:12) ~[classes/:na]
	at java.base/jdk.internal.reflect.DirectMethodHandleAccessor.invoke(DirectMethodHandleAccessor.java:103) ~[na:na]
	at java.base/java.lang.reflect.Method.invoke(Method.java:580) ~[na:na]
	at org.springframework.boot.devtools.restart.RestartLauncher.run(RestartLauncher.java:52) ~[spring-boot-devtools-4.0.0.jar:4.0.0]
Caused by: java.io.FileNotFoundException: class path resource [com/polytechnique/backend/service/DiagnosticService.class] cannot be opened because it does not exist
	at org.springframework.core.io.ClassPathResource.getInputStream(ClassPathResource.java:212) ~[spring-core-7.0.1.jar:7.0.1]
	at org.springframework.core.type.classreading.SimpleMetadataReader.getClassReader(SimpleMetadataReader.java:54) ~[spring-core-7.0.1.jar:7.0.1]
	at org.springframework.core.type.classreading.SimpleMetadataReader.<init>(SimpleMetadataReader.java:48) ~[spring-core-7.0.1.jar:7.0.1]
	at org.springframework.core.type.classreading.SimpleMetadataReaderFactory.getMetadataReader(SimpleMetadataReaderFactory.java:62) ~[spring-core-7.0.1.jar:7.0.1]
	at org.springframework.core.type.classreading.CachingMetadataReaderFactory.getMetadataReader(CachingMetadataReaderFactory.java:127) ~[spring-core-7.0.1.jar:7.0.1]
	at org.springframework.core.type.classreading.AbstractMetadataReaderFactory.getMetadataReader(AbstractMetadataReaderFactory.java:62) ~[spring-core-7.0.1.jar:7.0.1]
	at org.springframework.core.type.classreading.CachingMetadataReaderFactory.getMetadataReader(CachingMetadataReaderFactory.java:40) ~[spring-core-7.0.1.jar:7.0.1]
	at org.springframework.context.annotation.ConfigurationClassParser.asSourceClass(ConfigurationClassParser.java:728) ~[spring-context-7.0.1.jar:7.0.1]
	at org.springframework.context.annotation.ConfigurationClassParser$SourceClass.getInterfaces(ConfigurationClassParser.java:1074) ~[spring-context-7.0.1.jar:7.0.1]
	at org.springframework.context.annotation.ConfigurationClassParser.collectImports(ConfigurationClassParser.java:566) ~[spring-context-7.0.1.jar:7.0.1]
	at org.springframework.context.annotation.ConfigurationClassParser.getImports(ConfigurationClassParser.java:541) ~[spring-context-7.0.1.jar:7.0.1]
	at org.springframework.context.annotation.ConfigurationClassParser.doProcessConfigurationClass(ConfigurationClassParser.java:362) ~[spring-context-7.0.1.jar:7.0.1]
	at org.springframework.context.annotation.ConfigurationClassParser.processConfigurationClass(ConfigurationClassParser.java:283) ~[spring-context-7.0.1.jar:7.0.1]
	... 21 common frames omitted


  .   ____          _            __ _ _
 /\\ / ___'_ __ _ _(_)_ __  __ _ \ \ \ \
( ( )\___ | '_ | '_| | '_ \/ _` | \ \ \ \
 \\/  ___)| |_)| | | | | || (_| |  ) ) ) )
  '  |____| .__|_| |_|_| |_\__, | / / / /
 =========|_|==============|___/=/_/_/_/

 :: Spring Boot ::                (v4.0.0)

2026-02-25T13:37:16.646+01:00  INFO 32425 --- [backend-electro] [  restartedMain] c.p.backend.BackendElectroApplication    : Starting BackendElectroApplication using Java 23 with PID 32425 (/home/delta/DD/Projets 4Gi/electronique/backend-electro/target/classes started by delta in /home/delta/DD/Projets 4Gi/electronique/backend-electro)
2026-02-25T13:37:16.647+01:00  INFO 32425 --- [backend-electro] [  restartedMain] c.p.backend.BackendElectroApplication    : No active profile set, falling back to 1 default profile: "default"
2026-02-25T13:37:17.551+01:00  INFO 32425 --- [backend-electro] [  restartedMain] .s.d.r.c.RepositoryConfigurationDelegate : Bootstrapping Spring Data JPA repositories in DEFAULT mode.
2026-02-25T13:37:17.670+01:00  INFO 32425 --- [backend-electro] [  restartedMain] .s.d.r.c.RepositoryConfigurationDelegate : Finished Spring Data repository scanning in 114 ms. Found 13 JPA repository interfaces.
2026-02-25T13:37:18.170+01:00  INFO 32425 --- [backend-electro] [  restartedMain] o.s.boot.tomcat.TomcatWebServer          : Tomcat initialized with port 9080 (http)
2026-02-25T13:37:18.172+01:00  INFO 32425 --- [backend-electro] [  restartedMain] o.apache.catalina.core.StandardService   : Starting service [Tomcat]
2026-02-25T13:37:18.172+01:00  INFO 32425 --- [backend-electro] [  restartedMain] o.apache.catalina.core.StandardEngine    : Starting Servlet engine: [Apache Tomcat/11.0.14]
2026-02-25T13:37:18.216+01:00  INFO 32425 --- [backend-electro] [  restartedMain] b.w.c.s.WebApplicationContextInitializer : Root WebApplicationContext: initialization completed in 1564 ms
2026-02-25T13:37:18.327+01:00 DEBUG 32425 --- [backend-electro] [  restartedMain] o.springframework.web.filter.CorsFilter  : Filter 'corsFilter' configured for use
2026-02-25T13:37:18.389+01:00  INFO 32425 --- [backend-electro] [  restartedMain] com.zaxxer.hikari.HikariDataSource       : HikariPool-2 - Starting...
2026-02-25T13:37:18.695+01:00  INFO 32425 --- [backend-electro] [  restartedMain] com.zaxxer.hikari.pool.HikariPool        : HikariPool-2 - Added connection org.postgresql.jdbc.PgConnection@821efd3
2026-02-25T13:37:18.696+01:00  INFO 32425 --- [backend-electro] [  restartedMain] com.zaxxer.hikari.HikariDataSource       : HikariPool-2 - Start completed.
2026-02-25T13:37:18.741+01:00  INFO 32425 --- [backend-electro] [  restartedMain] o.hibernate.jpa.internal.util.LogHelper  : HHH000204: Processing PersistenceUnitInfo [name: default]
2026-02-25T13:37:18.868+01:00  INFO 32425 --- [backend-electro] [  restartedMain] o.s.o.j.p.SpringPersistenceUnitInfo      : No LoadTimeWeaver setup: ignoring JPA class transformer
2026-02-25T13:37:18.886+01:00  WARN 32425 --- [backend-electro] [  restartedMain] org.hibernate.orm.deprecation            : HHH90000025: PostgreSQLDialect does not need to be specified explicitly using 'hibernate.dialect' (remove the property setting and it will be selected by default)
2026-02-25T13:37:18.895+01:00  INFO 32425 --- [backend-electro] [  restartedMain] org.hibernate.orm.connections.pooling    : HHH10001005: Database info:
	Database JDBC URL [jdbc:postgresql://localhost:5433/mydb]
	Database driver: PostgreSQL JDBC Driver
	Database dialect: PostgreSQLDialect
	Database version: 16.12
	Default catalog/schema: mydb/public
	Autocommit mode: undefined/unknown
	Isolation level: READ_COMMITTED [default READ_COMMITTED]
	JDBC fetch size: none
	Pool: DatasourceConnectionProviderImpl
	Minimum pool size: undefined/unknown
	Maximum pool size: undefined/unknown
2026-02-25T13:37:19.733+01:00  INFO 32425 --- [backend-electro] [  restartedMain] o.h.e.t.j.p.i.JtaPlatformInitiator       : HHH000489: No JTA platform available (set 'hibernate.transaction.jta.platform' to enable JTA platform integration)
2026-02-25T13:37:20.132+01:00  INFO 32425 --- [backend-electro] [  restartedMain] j.LocalContainerEntityManagerFactoryBean : Initialized JPA EntityManagerFactory for persistence unit 'default'
2026-02-25T13:37:21.921+01:00  WARN 32425 --- [backend-electro] [  restartedMain] JpaBaseConfiguration$JpaWebConfiguration : spring.jpa.open-in-view is enabled by default. Therefore, database queries may be performed during view rendering. Explicitly configure spring.jpa.open-in-view to disable this warning
2026-02-25T13:37:22.049+01:00  WARN 32425 --- [backend-electro] [  restartedMain] .s.a.UserDetailsServiceAutoConfiguration : 

Using generated security password: 1572070c-e547-4a64-a643-dc8ae1ae08a9

This generated password is for development use only. Your security configuration must be updated before running your application in production.

2026-02-25T13:37:22.053+01:00  INFO 32425 --- [backend-electro] [  restartedMain] r$InitializeUserDetailsManagerConfigurer : Global AuthenticationManager configured with UserDetailsService bean with name inMemoryUserDetailsManager
2026-02-25T13:37:22.498+01:00 DEBUG 32425 --- [backend-electro] [  restartedMain] s.w.s.m.m.a.RequestMappingHandlerMapping : 101 mappings in 'requestMappingHandlerMapping'
2026-02-25T13:37:22.530+01:00 DEBUG 32425 --- [backend-electro] [  restartedMain] o.s.w.s.handler.SimpleUrlHandlerMapping  : Patterns [/webjars/**, /**, /swagger-ui*/*swagger-initializer.js, /swagger-ui*/**] in 'resourceHandlerMapping'
2026-02-25T13:37:22.554+01:00 DEBUG 32425 --- [backend-electro] [  restartedMain] s.w.s.m.m.a.RequestMappingHandlerAdapter : ControllerAdvice beans: 0 @ModelAttribute, 0 @InitBinder, 1 RequestBodyAdvice, 1 ResponseBodyAdvice
2026-02-25T13:37:22.581+01:00 DEBUG 32425 --- [backend-electro] [  restartedMain] .m.m.a.ExceptionHandlerExceptionResolver : ControllerAdvice beans: 2 @ExceptionHandler, 1 ResponseBodyAdvice
2026-02-25T13:37:22.797+01:00  INFO 32425 --- [backend-electro] [  restartedMain] o.s.boot.tomcat.TomcatWebServer          : Tomcat started on port 9080 (http) with context path '/api'
2026-02-25T13:37:22.813+01:00  INFO 32425 --- [backend-electro] [  restartedMain] c.p.backend.BackendElectroApplication    : Started BackendElectroApplication in 6.206 seconds (process running for 683.888)
Hibernate: 
    select
        um1_0.id,
        um1_0.adr,
        um1_0.age,
        um1_0.application_id,
        um1_0.application_name,
        um1_0.bandwidth,
        um1_0.bpm_moyen,
        um1_0.code_rate,
        um1_0.confirmed_uplink,
        um1_0.data,
        um1_0.ddr,
        um1_0.dev_addr,
        um1_0.dev_eui,
        um1_0.device_name,
        um1_0.device_profile_id,
        um1_0.device_profile_name,
        um1_0.dr,
        um1_0.f_cnt,
        um1_0.f_port,
        um1_0.fcf,
        um1_0.frequency,
        um1_0.glycemie,
        um1_0.id_patient,
        um1_0.modulation,
        um1_0.poids,
        um1_0.polarization_inversion,
        um1_0.processed,
        um1_0.published_at,
        um1_0.spreading_factor,
        um1_0.taille,
        um1_0.temperature,
        um1_0.tension,
        um1_0.tension_dia,
        um1_0.tension_sys,
        um1_0.type 
    from
        uplink_messages um1_0 
    where
        um1_0.processed=false 
    order by
        um1_0.published_at
Hibernate: 
    select
        a1_0.id_admin 
    from
        administrateur a1_0 
    where
        a1_0.email=? 
    fetch
        first ? rows only
2026-02-25T13:37:22.952+01:00  INFO 32425 --- [backend-electro] [  restartedMain] c.p.backend.config.DataInitializer       : Super Admin existe déjà.
2026-02-25T13:37:22.960+01:00  INFO 32425 --- [backend-electro] [  restartedMain] .ConditionEvaluationDeltaLoggingListener : Condition evaluation unchanged
Hibernate: 
    select
        p1_0.id_parametres,
        p1_0.age_patient,
        p1_0.created_at,
        p1_0.date_dernieres_regles,
        p1_0.date_mesure,
        p1_0.id_dispositif,
        d1_0.id_dispositif,
        a1_0.id_admin,
        a1_0.created_at,
        a1_0.doit_changer_mot_de_passe,
        a1_0.email,
        a1_0.genre,
        a1_0.mot_de_passe,
        a1_0.nom,
        a1_0.numero_cni,
        a1_0.patient_lock_timeout,
        a1_0.role,
        a1_0.statut,
        a1_0.tel,
        a1_0.tel2,
        a1_0.updated_at,
        d1_0.appeui,
        d1_0.appkey,
        d1_0.contact,
        d1_0.created_at,
        d1_0.date_installation,
        d1_0.deveui,
        d1_0.id_infirmier_local,
        d1_0.localisation,
        d1_0.nom_centre_de_sante,
        d1_0.statut,
        d1_0.updated_at,
        p1_0.frequence_cardiaque_mere,
        p1_0.frequence_foetale,
        p1_0.glycemie,
        p1_0.identifiant_patient,
        p1_0.poids_patient,
        p1_0.pression_arterielle_diastolique,
        p1_0.pression_arterielle_systolique,
        p1_0.saturation_oxygene,
        p1_0.statut,
        p1_0.taille_patient,
        p1_0.temperature,
        p1_0.verrouille_at,
        p1_0.verrouille_par_medecin_id 
    from
        parametres p1_0 
    join
        dispositif d1_0 
            on d1_0.id_dispositif=p1_0.id_dispositif 
    left join
        administrateur a1_0 
            on a1_0.id_admin=d1_0.id_administrateur 
    where
        p1_0.verrouille_par_medecin_id is not null
Hibernate: 
    select
        um1_0.id,
        um1_0.adr,
        um1_0.age,
        um1_0.application_id,
        um1_0.application_name,
        um1_0.bandwidth,
        um1_0.bpm_moyen,
        um1_0.code_rate,
        um1_0.confirmed_uplink,
        um1_0.data,
        um1_0.ddr,
        um1_0.dev_addr,
        um1_0.dev_eui,
        um1_0.device_name,
        um1_0.device_profile_id,
        um1_0.device_profile_name,
        um1_0.dr,
        um1_0.f_cnt,
        um1_0.f_port,
        um1_0.fcf,
        um1_0.frequency,
        um1_0.glycemie,
        um1_0.id_patient,
        um1_0.modulation,
        um1_0.poids,
        um1_0.polarization_inversion,
        um1_0.processed,
        um1_0.published_at,
        um1_0.spreading_factor,
        um1_0.taille,
        um1_0.temperature,
        um1_0.tension,
        um1_0.tension_dia,
        um1_0.tension_sys,
        um1_0.type 
    from
        uplink_messages um1_0 
    where
        um1_0.processed=false 
    order by
        um1_0.published_at
Hibernate: 
    select
        um1_0.id,
        um1_0.adr,
        um1_0.age,
        um1_0.application_id,
        um1_0.application_name,
        um1_0.bandwidth,
        um1_0.bpm_moyen,
        um1_0.code_rate,
        um1_0.confirmed_uplink,
        um1_0.data,
        um1_0.ddr,
        um1_0.dev_addr,
        um1_0.dev_eui,
        um1_0.device_name,
        um1_0.device_profile_id,
        um1_0.device_profile_name,
        um1_0.dr,
        um1_0.f_cnt,
        um1_0.f_port,
        um1_0.fcf,
        um1_0.frequency,
        um1_0.glycemie,
        um1_0.id_patient,
        um1_0.modulation,
        um1_0.poids,
        um1_0.polarization_inversion,
        um1_0.processed,
        um1_0.published_at,
        um1_0.spreading_factor,
        um1_0.taille,
        um1_0.temperature,
        um1_0.tension,
        um1_0.tension_dia,
        um1_0.tension_sys,
        um1_0.type 
    from
        uplink_messages um1_0 
    where
        um1_0.processed=false 
    order by
        um1_0.published_at
2026-02-25T13:37:34.355+01:00  INFO 32425 --- [backend-electro] [nio-9080-exec-1] o.a.c.c.C.[Tomcat-2].[localhost].[/api]  : Initializing Spring DispatcherServlet 'dispatcherServlet'
2026-02-25T13:37:34.356+01:00  INFO 32425 --- [backend-electro] [nio-9080-exec-1] o.s.web.servlet.DispatcherServlet        : Initializing Servlet 'dispatcherServlet'
2026-02-25T13:37:34.356+01:00 DEBUG 32425 --- [backend-electro] [nio-9080-exec-1] o.s.web.servlet.DispatcherServlet        : Detected StandardServletMultipartResolver
2026-02-25T13:37:34.356+01:00 DEBUG 32425 --- [backend-electro] [nio-9080-exec-1] o.s.web.servlet.DispatcherServlet        : Detected AcceptHeaderLocaleResolver
2026-02-25T13:37:34.370+01:00 DEBUG 32425 --- [backend-electro] [nio-9080-exec-1] o.s.web.servlet.DispatcherServlet        : Detected org.springframework.web.servlet.view.DefaultRequestToViewNameTranslator@201aaddf
2026-02-25T13:37:34.372+01:00 DEBUG 32425 --- [backend-electro] [nio-9080-exec-1] o.s.web.servlet.DispatcherServlet        : Detected org.springframework.web.servlet.support.SessionFlashMapManager@109d5666
2026-02-25T13:37:34.374+01:00 DEBUG 32425 --- [backend-electro] [nio-9080-exec-1] o.s.web.servlet.DispatcherServlet        : enableLoggingRequestDetails='false': request parameters and headers will be masked to prevent unsafe logging of potentially sensitive data
2026-02-25T13:37:34.375+01:00  INFO 32425 --- [backend-electro] [nio-9080-exec-1] o.s.web.servlet.DispatcherServlet        : Completed initialization in 19 ms
2026-02-25T13:37:34.445+01:00 DEBUG 32425 --- [backend-electro] [nio-9080-exec-1] o.s.web.servlet.DispatcherServlet        : GET "/api/auth/login", parameters={}
2026-02-25T13:37:34.469+01:00 DEBUG 32425 --- [backend-electro] [nio-9080-exec-1] .m.m.a.ExceptionHandlerExceptionResolver : Using @ExceptionHandler com.polytechnique.backend.exception.GlobalExceptionHandler#handleGenericException(Exception, HttpServletRequest)
2026-02-25T13:37:34.587+01:00 DEBUG 32425 --- [backend-electro] [nio-9080-exec-1] o.s.w.s.m.m.a.HttpEntityMethodProcessor  : Using 'application/json', given [*/*] and supported [application/json, application/*+json, application/yaml]
2026-02-25T13:37:34.600+01:00 DEBUG 32425 --- [backend-electro] [nio-9080-exec-1] o.s.w.s.m.m.a.HttpEntityMethodProcessor  : Writing [ErrorResponse(timestamp=2026-02-25T13:37:34.472007044, status=500, error=Internal Server Error, mess (truncated)...]
2026-02-25T13:37:34.811+01:00  WARN 32425 --- [backend-electro] [nio-9080-exec-1] .m.m.a.ExceptionHandlerExceptionResolver : Resolved [org.springframework.web.HttpRequestMethodNotSupportedException: Request method 'GET' is not supported]
2026-02-25T13:37:34.812+01:00 DEBUG 32425 --- [backend-electro] [nio-9080-exec-1] o.s.web.servlet.DispatcherServlet        : Completed 500 INTERNAL_SERVER_ERROR
Hibernate: 
    select
        um1_0.id,
        um1_0.adr,
        um1_0.age,
        um1_0.application_id,
        um1_0.application_name,
        um1_0.bandwidth,
        um1_0.bpm_moyen,
        um1_0.code_rate,
        um1_0.confirmed_uplink,
        um1_0.data,
        um1_0.ddr,
        um1_0.dev_addr,
        um1_0.dev_eui,
        um1_0.device_name,
        um1_0.device_profile_id,
        um1_0.device_profile_name,
        um1_0.dr,
        um1_0.f_cnt,
        um1_0.f_port,
        um1_0.fcf,
        um1_0.frequency,
        um1_0.glycemie,
        um1_0.id_patient,
        um1_0.modulation,
        um1_0.poids,
        um1_0.polarization_inversion,
        um1_0.processed,
        um1_0.published_at,
        um1_0.spreading_factor,
        um1_0.taille,
        um1_0.temperature,
        um1_0.tension,
        um1_0.tension_dia,
        um1_0.tension_sys,
        um1_0.type 
    from
        uplink_messages um1_0 
    where
        um1_0.processed=false 
    order by
        um1_0.published_at
Hibernate: 
    select
        um1_0.id,
        um1_0.adr,
        um1_0.age,
        um1_0.application_id,
        um1_0.application_name,
        um1_0.bandwidth,
        um1_0.bpm_moyen,
        um1_0.code_rate,
        um1_0.confirmed_uplink,
        um1_0.data,
        um1_0.ddr,
        um1_0.dev_addr,
        um1_0.dev_eui,
        um1_0.device_name,
        um1_0.device_profile_id,
        um1_0.device_profile_name,
        um1_0.dr,
        um1_0.f_cnt,
        um1_0.f_port,
        um1_0.fcf,
        um1_0.frequency,
        um1_0.glycemie,
        um1_0.id_patient,
        um1_0.modulation,
        um1_0.poids,
        um1_0.polarization_inversion,
        um1_0.processed,
        um1_0.published_at,
        um1_0.spreading_factor,
        um1_0.taille,
        um1_0.temperature,
        um1_0.tension,
        um1_0.tension_dia,
        um1_0.tension_sys,
        um1_0.type 
    from
        uplink_messages um1_0 
    where
        um1_0.processed=false 
    order by
        um1_0.published_at
Hibernate: 
    select
        um1_0.id,
        um1_0.adr,
        um1_0.age,
        um1_0.application_id,
        um1_0.application_name,
        um1_0.bandwidth,
        um1_0.bpm_moyen,
        um1_0.code_rate,
        um1_0.confirmed_uplink,
        um1_0.data,
        um1_0.ddr,
        um1_0.dev_addr,
        um1_0.dev_eui,
        um1_0.device_name,
        um1_0.device_profile_id,
        um1_0.device_profile_name,
        um1_0.dr,
        um1_0.f_cnt,
        um1_0.f_port,
        um1_0.fcf,
        um1_0.frequency,
        um1_0.glycemie,
        um1_0.id_patient,
        um1_0.modulation,
        um1_0.poids,
        um1_0.polarization_inversion,
        um1_0.processed,
        um1_0.published_at,
        um1_0.spreading_factor,
        um1_0.taille,
        um1_0.temperature,
        um1_0.tension,
        um1_0.tension_dia,
        um1_0.tension_sys,
        um1_0.type 
    from
        uplink_messages um1_0 
    where
        um1_0.processed=false 
    order by
        um1_0.published_at
Hibernate: 
    select
        p1_0.id_parametres,
        p1_0.age_patient,
        p1_0.created_at,
        p1_0.date_dernieres_regles,
        p1_0.date_mesure,
        p1_0.id_dispositif,
        d1_0.id_dispositif,
        a1_0.id_admin,
        a1_0.created_at,
        a1_0.doit_changer_mot_de_passe,
        a1_0.email,
        a1_0.genre,
        a1_0.mot_de_passe,
        a1_0.nom,
        a1_0.numero_cni,
        a1_0.patient_lock_timeout,
        a1_0.role,
        a1_0.statut,
        a1_0.tel,
        a1_0.tel2,
        a1_0.updated_at,
        d1_0.appeui,
        d1_0.appkey,
        d1_0.contact,
        d1_0.created_at,
        d1_0.date_installation,
        d1_0.deveui,
        d1_0.id_infirmier_local,
        d1_0.localisation,
        d1_0.nom_centre_de_sante,
        d1_0.statut,
        d1_0.updated_at,
        p1_0.frequence_cardiaque_mere,
        p1_0.frequence_foetale,
        p1_0.glycemie,
        p1_0.identifiant_patient,
        p1_0.poids_patient,
        p1_0.pression_arterielle_diastolique,
        p1_0.pression_arterielle_systolique,
        p1_0.saturation_oxygene,
        p1_0.statut,
        p1_0.taille_patient,
        p1_0.temperature,
        p1_0.verrouille_at,
        p1_0.verrouille_par_medecin_id 
    from
        parametres p1_0 
    join
        dispositif d1_0 
            on d1_0.id_dispositif=p1_0.id_dispositif 
    left join
        administrateur a1_0 
            on a1_0.id_admin=d1_0.id_administrateur 
    where
        p1_0.verrouille_par_medecin_id is not null
Hibernate: 
    select
        um1_0.id,
        um1_0.adr,
        um1_0.age,
        um1_0.application_id,
        um1_0.application_name,
        um1_0.bandwidth,
        um1_0.bpm_moyen,
        um1_0.code_rate,
        um1_0.confirmed_uplink,
        um1_0.data,
        um1_0.ddr,
        um1_0.dev_addr,
        um1_0.dev_eui,
        um1_0.device_name,
        um1_0.device_profile_id,
        um1_0.device_profile_name,
        um1_0.dr,
        um1_0.f_cnt,
        um1_0.f_port,
        um1_0.fcf,
        um1_0.frequency,
        um1_0.glycemie,
        um1_0.id_patient,
        um1_0.modulation,
        um1_0.poids,
        um1_0.polarization_inversion,
        um1_0.processed,
        um1_0.published_at,
        um1_0.spreading_factor,
        um1_0.taille,
        um1_0.temperature,
        um1_0.tension,
        um1_0.tension_dia,
        um1_0.tension_sys,
        um1_0.type 
    from
        uplink_messages um1_0 
    where
        um1_0.processed=false 
    order by
        um1_0.published_at
Hibernate: 
    select
        um1_0.id,
        um1_0.adr,
        um1_0.age,
        um1_0.application_id,
        um1_0.application_name,
        um1_0.bandwidth,
        um1_0.bpm_moyen,
        um1_0.code_rate,
        um1_0.confirmed_uplink,
        um1_0.data,
        um1_0.ddr,
        um1_0.dev_addr,
        um1_0.dev_eui,
        um1_0.device_name,
        um1_0.device_profile_id,
        um1_0.device_profile_name,
        um1_0.dr,
        um1_0.f_cnt,
        um1_0.f_port,
        um1_0.fcf,
        um1_0.frequency,
        um1_0.glycemie,
        um1_0.id_patient,
        um1_0.modulation,
        um1_0.poids,
        um1_0.polarization_inversion,
        um1_0.processed,
        um1_0.published_at,
        um1_0.spreading_factor,
        um1_0.taille,
        um1_0.temperature,
        um1_0.tension,
        um1_0.tension_dia,
        um1_0.tension_sys,
        um1_0.type 
    from
        uplink_messages um1_0 
    where
        um1_0.processed=false 
    order by
        um1_0.published_at
[ERROR] Failed to execute goal org.springframework.boot:spring-boot-maven-plugin:4.0.0:run (default-cli) on project backend-electro: Process terminated with exit code: 137 -> [Help 1]
[ERROR] 
[ERROR] To see the full stack trace of the errors, re-run Maven with the -e switch.
[ERROR] Re-run Maven using the -X switch to enable full debug logging.
[ERROR] 
[ERROR] For more information about the errors and possible solutions, please read the following articles:
[ERROR] [Help 1] http://cwiki.apache.org/confluence/display/MAVEN/MojoExecutionException
                                                                                                                                                                                                                                                                                                                                                                                                                                                                                                                                                                                                                                                                                                                                                                                                                                                                                                                                                                                                                                                                                                                                                                                                                                                                                                                                                                                                                                                                                                                                                                                                                                                                                                                                                                                                                                                                                                                                                                                                                                                                                                                                                                                                                                                                                                                                                                                                                                                                                                                                                                                                                                                                                                                                                                                                                                                                                                                                                                                                                                                                                                                                                                                                                                                                                                                                                                                                                                                                                                                                                                                                                                                                                                                                                                                                                                                                                                                                                                                                                                                                                                                                                                                                                                                                                                                                                                                                                                                                                                                                                                                                                                                                                                                                                                                                                                                                                                                                                                                                                                                                                                                                                                                                                                                                                                                                                                                                                                                                                                                                                                                                                                                                                                                                                                                                                                                                                                                                                                                                                                                                                                                                                                                                                                                                                                                                                                                                                                                                                                                                                                                                                                                                                                                                                                                                                                                                                                                                                                                                                                                                                                                                                                                                                                                                                                                                                                                                                                                                                                                                                                                                                                                                                                                                                                                                                                                                                                                                                                                                                                                                                                                                                                                                                                                                                                                                                                                                                                                                                                                                                                                                                                                                                                                                                                                                                                                                                                                                                                                                                                                                                                                                                                                                                                                                                                                                                                                                                                                                                                                                                                                                                                                                                                                                                                                                                                                                                                                                                                                                                                                                                                                                                                                                                                                                                                                                                                                                                                                                                                                                                                                                                                                                                                                                                                                                                                                                                                                                                                                                                                                                                                                                                                                                                                                                                                                                                                                                                                                                                                                                                                                                                                                                                                                                                                                                                                                                                                                                                                                                                                                                                                                                                                                                                                                                                                                                                                                                                                                                                                                                                                                                                                                                                                                                                                                                                                                                                                                                                                                                                                                                                                                                                                                                                                                                                                                                                                                                                                                                                                                                                                                                                                                                                                                                                                                                                                                                                                                                                                                                                                                                                                                                                                                                                                                                                                                                                                                                                                                                                                                                                                                                                                                                                                                                                                                                                                                                                                                                                                                                                                                                                                                                                                                                                                                                                                                                                                                                                                                                                                                                                                                                                                                                                                                                                                                                                                                                                                                                                                                                                                                                                                                                                                                                                                                                                                                                                                                                                                                                                                                                                                                                                                                                                                                                                                                                                                                                                                                                                                                                                                                                                                                                                                                                                                                                                                                                                                                                                                                                                                                                                                                                                                                                                                                                                                                                                                                                                                                                                                                                                                                                                                                                                                                                                                                                                                                                                                                                                                                                                                                                                                                                                                                                                                                                                                                                                                                                                                                                                                                                                                                                                                                                                                                                                                                                                                                                                                                                                                                                                                                                                                                                                                                                                                                                                                                                                                                                                                                                                                                                                                                                                                                                                                                                                                                                                                                                                                                                                                                                                                                                                                                                                                                                                                                                                                                                                                                                                                                                                                                                                                                                                                                                                                                                                                                                                                                                                                                                                                                                                                                                                                                                                                                                                                                                                                                                                                                                                                                                                                                                                                                                                                                                                                                                                                                                                                                                                                                                                                                                                                                                                                                                                                                                                                                                                                                                                                                                                                                                                                                                                                                                                                                                                                                                                                                                                                                                                                                                                                                                                                                                                                                                                                                                                                                                                                                                                                                                                                                                                                                                                                                                                                                                                                                                                                                                                                                                                                                                                                                                                                                                                                                                                                                                                                                                                                                                                                                                                                                                                                                                                                                                                                                                                                                                                                                                                                                                                                                                                                                                                                                                                                                                                                                                                                                                                                                                                                                                                                                                                                                                                                                                                                                                                                                                                                                                                                                                                                                                                                                                                                                                                                                                                                                                                                                                                                                                                                                                                                                                                                                                                                                                                                                                                                                                                                                                                                                                                                                                                                                                                                                                                                                                                                                                                                                                                                                                                                                                                                                                                                                                                                                                                                                                                                                                                                                                                                                                                                                                                                                                                                                                                                                                                                                                                                                                                                                                                                                                                                                                                                                                                                                                                                                                                                                                                                                                                                                                                                                                                                                                                                                                                                                                                                                                                                                                                                                                                                                                                                                                                                                                                                                                                                                                                                                                                                                                                                                                                                                                                                                                                                                                                                                                                                                                                                                                                                                                                                                                                                                                                                                                                                                                                                                                                                                                                                                                                                                                                                                                                                                                                                                                                                                                                                                                                                                                                                                                                                                                                                                                                                                                                                                                                                                                                                                                                                                                                                                                                                                                                                                                                                                                                                                                                                                                                                                                                                                                                                                                                                                                                                                                                                                                                                                                                                                                                                                                                                                                                                                                                                                                                                                                                                                                                                                                                                                                                                                                                                                                                                                                                                                                                                                                                                                                                                                                                                                                                                                                                                                                                                                                                                                                                                                                                                                                                                                                                                                                                                                                                                                                                                                                                                                                                                                                                                                                                                                                                                                                                                                                                                                                                                                                                                                                                                                                                                                                                                                                                                                                                                                                                                                                                                                                                                                                                                                                                                                                                                                                                                                                                                                                                                                                                                                                                                                                                                                                                                                                                                                                                                                                                                                                                                                                                                                                                                                                                                                                                                                                                                                                                                                                                                                                                                                                                                                                                                                                                                                                                                                                                                                                                                                                                                                                                                                                                                                                                                                                                                                                                                                                                                                                                                                                                                                                                                                                                                                                                                                                                                                                                                                                                                                                                                                                                                                                                                                                                                                                                                                                                                                                                                                                                                                                                                                                                                                                                                                                                                                                                                                                                                                                                                                                                                                                                                                                                                                                                                                                                                                                                                                                                                                                                                                                                                                                                                                                                                                                                                                                                                                                                                                                                                                                                                                                                                                                                                                                                                                                                                                                                                                                                                                                                                                                                                                                                                                                                                                                                                                                                                                                                                                                                                                                                                                                                                                                                                                                                                                                                                                                                                                                                                                                                                                                                                                                                                                                                                                                                                                                                                                                                                                                                                                                                                                                                                                                                                                                                                                                                                                                                                                                                                                                                                                                                                                                                                                                                                                                                                                                                                                                                                                                                                                                                                                                                                                                                                                                                                                                                                                                                                                                                                                                                                                                                                                                                                                                                                                                                                                                                                                                                                                                                                                                                                                                                                                                                                                                                                                                                                                                                                                                                                                                                                                                                                                                                                                                                                                                                                                                                                                                                                                                                                                                                                                                                                                                                                                                                                                                                                                                                                                                                                                                                                                                                                                                                                                                                                                                                                                                                                                                                                                                                                                                                                                                                                                                                                                                                                                                                                                                                                                                                                                                                                                                                                                                                                                                                                                                                                                                                                                                                                                                                                                                                                                                                                                                                                                                                                                                                                                                                                                                                                                                                                                                                                                                                                                                                                                                                                                                                                                                                                                                                                                                                                                                                                                                                                                                                                                                                                                                                                                                                                                                                                                                                                                                                                                                                                                                                                                                                                                                                                                                                                                                                                                                                                                                                                                                                                                                                                                                                                                                                                                                                                                                                                                                                                                                                                                                                                                                                                                                                                                                                                                                                                                                                                                                                                                                                                                                                                                                                                                                                                                                                                                                                                                                                                                                                                                                                                                                                                                                                                                                                                                                                                                                                                                                                                                                                                                                                                                                                                                                                                                                                                                                                                                                                                                                                                                                                                                                                                                                                                                                                                                                                                                                                                                                                                                                                                                                                                                                                                                                                                                                                                                                                                                                                                                                                                                                                                                                                                                                                                                                                                                                                                                                                                                                                                                                                                                                                                                                                                                                                                                                                                                                                                                                                                                                                                                                                                                                                                                                                                                                                                                                                                                                                                                                                                                                                                                                                                                                                                                                                                                                                                                                                                                                                                                                                                                                                                                                                                                                                                                                                                                                                                                                                                                                                                                                                                                                                                                                                                                                                                                                                                                                                                                                                                                                                                                                                                                                                                                                                                                                                                                                                                                                                                                                                                                                                                                                                                                                                                                                                                                                                                                                                                                                                                                                                                                                                                                                                                                                                                                                                                                                                                                                                                                                                                                                                                                                                                                                                                                                                                                                                                                                                                                                                                                                                                                                                                                                                                                                                                                                                                                                                                                                                                                                                                                                                                                                                                                                                                                                                                                                                                                                                                                                                                                                                                                                                                                                                                                                                                                                                                                                                                                                                                                                                                                                                                                                                                                                                                                                                                                                                                                                                                                                                                                                                                                                                                                                                                                                                                                                                                                                                                                                                                                                                                                                                                                                                                                                                                                                                                                                                                                                                                                                                                                                                                                                                                                                                                                                                                                                                                                                                                                                                                                                                                                                                                                                                                                                                                                                                                                                                                                                                                                                                                                                                                                                                                                                                                                                                                                                                                                                                                                                                                                                                                                                                                                                                                                                                                                                                                                                                                                                                                                                                                                                                                                                                                                                                                                                                                                                                                                                                                                                                                                                                                                                                                                                                                                                                                                                                                                                                                                                                                                                                                                                                                                                                                                                                                                                                                                                                                                                                                                                                                                                                                                                                                                                                                                                                                                                                                                                                                                                                                                                                                                                                                                                                                                                                                                                                                                                                                                                                                                                                                                                                                                                                                                                                                                                                                                                                                                                                                                                                                                                                                                                                                                                                                                                                                                                                                                                                                                                                                                                                                                                                                                                                                                                                                                                                                                                                                                                                                                                                                                                                                                                                                                                                                                                                                                                                                                                                                                                                                                                                                                                                                                                                                                                                                                                                                                                                                                                                                                                                                                                                                                                                                                                                                                                                                                                                                                                                                                                                                                                                                                                                                                                                                                                                                                                                                                                                                                                                                                                                                                                                                                                                                                                                                                                                                                                                                                                                                                                                                                                                                                                                                                                                                                                                                                                                                                                                                                                                                                                                                                                                                                                                                                                                                                                                                                                                                                                                                                                                                                                                                                                                                                                                                                                                                                                                                                                                                                                                                                                                                                                                                                                                                                                                                                                                                                                                                                                                                                                                                                                                                                                                                                                                                                                                                                                                                                                                                                                                                                                                                                                                                                                                                                                                                                                                                                                                                                                                                                                                                                                                                                                                                                                                                                                                                                                                                                                                                                                                                                                                                                                                                                                                                                                                                                                                                                                                                                                                                                                                                                                                                                                                                                                                                                                                                                                                                                                                                                                                                                                                                                                                                                                                                                                                                                                                                                                                                                                                                                                                                                                                                                                                                                                                                                                                                                                                                                                                                                                                                                                                                                                                                                                                                                                                                                                                                                                                                                                                                                                                                                                                                                                                                                                                                                                                                                                                                                                                                                                                                                                                                                                                                                                                                                                                                                                                                                                                                                                                                                                                                                                                                                                                                                                                                                                                                                                                                                                                                                                                                                                                                                                                                                                                                                                                                                                                                                                                                                                                                                                                                                                                                                                                                                                                                                                                                                                                                                                                                                                                                                                                                                                                                                                                                                                                                                                                                                                                                                                                                                                                                                                                                                                                                                                                                                                                                                                                                                                                                                                                                                                                                                                                                                                                                                                                                                                                                                                                                                                                                                                                                                                                                                                                                                                                                                                                                                                                                                                                                                                                                                                                                                                                                                                                                                                                                                                                                                                                                                                                                                                                                                                                                                                                                                                                                                                                                                                                                                                                                                                                                                                                                                                                                                                                                                                                                                                                                                                                                                                                                                                                                                                                                                                                                                                                                                                                                                                                                                                                                                                                                                                                                                                                                                                                                                                                                                                                                                                                                                                                                                                                                                                                                                                                                                                                                                                                                                                                                                                                                                                                                                                                                                                                                                                                                                                                                                                                                                                                                                                                                                                                                                                                                                                                                                                                                                                                                                                                                                                                                                                                                                                                                                                                                                                                                                                                                                                                                                                                                                                                                                                                                                                                                                                                                                                                                                                                                                                                                                                                                                                                                                                                                                                                                                                                                                                                                                                                                                                                                                                                                                                                                                                                                                                                                                                                                                                                                                                                                                                                                                                                                                                                                                                                                                                                                                                                                                                                                                                                                                                                                                                                                                                                                                                                                                                                                                                                                                                                                                                                                                                                                                                                                                                                                                                                                                                                                                                                                                                                                                                                                                                                                                                                                                                                                                                                                                                                                                                                                                                                                                                                                                                                                                                                                                                                                                                                                                                                                                                                                                                                                                                                                                                                                                                                                                                                                                                                                                                                                                                                                                                                                                                                                                                                                                                                                                                                                                                                                                                                                                                                                                                                                                                                                                                                                                                                                                                                                                                                                                                                                                                                                                                                                                                                                                                                                                                                                                                                                                                                                                                                                                                                                                                                                                                                                                                                                                                                                                                                                                                                                                                                                                                                                                                                                                                                                                                                                                                                                                                                                                                                                                                                                                                                                                                                                                                                                                                                                                                                                                                                                                                                                                                                                                                                                                                                                                                                                                                                                                                                                                                                                                                                                                                                                                                                                                                                                                                                                                                                                                                                                                                                                                                                                                                                                                                                                                                                                                                                                                                                                                                                                                                                                                                                                                                                                                                                                                                                                                                                                                                                                                                                                                                                                                                                                                                                                                                                                                                                                                                                                                                                                                                                                                                                                                                                                                                                                                                                                                                                                                                                                                                                                                                                                                                                                                                                                                                                                                                                                                                                                                                                                                                                                                                                                                                                                                                                                                                                                                                                                                                                                                                                                                                                                                                                                                                                                                                                                                                                                                                                                                                                                                                                                                                                                                                                                                                                                                                                                                                                                                                                                                                                                                                                                                                                                                                                                                                                                                                                                                                                                                                                                                                                                                                                                                                                                                                                                                                                                                                                                                                                                                                                                                                                                                                                                                                                                                                                                                                                                                                                                                                                                                                                                                                                                                                                                                                                                                                                                                                                                                                                                                                                                                                                                                                                                                                                                                                                                                                                                                                                                                                                                                                                                                                                                                                                                                                                                                                                                                                                                                                                                                                                                                                                                                                                                                                                                                                                                                                                                                                                                                                                                                                                                                                                                                                                                                                                                                                                                                                                                                                                                                                                                                                                                                                                                                                                                                                                                                                                                                                                                                                                                                                                                                                                                                                                                                                                                                                                                                                                                                                                                                                                                                                                                                                                                                                                                                                                                                                                                                                                                                                                                                                                                                                                                                                                                                                                                                                                                                                                                                                                                                                                                                                                                                                                                                                                                                                                                                                                                                                                                                                                                                                                                                                                                                                                                                                                                                                                                                                                                                                                                                                                                                                                                                                                                                                                                                                                                                                                                                                                                                                                                                                                                                                                                                                                                                                                                                                                                                                                                                                                                                                                                                                                                                                                                                                                                                                                                                                                                                                                                                                                                                                                                                                                                                                                                                                                                                                                                                                                                                                                                                                                                                                                                                                                                                                                                                                                                                                                                                                                                                                                                                                                                                                                                                                                                                                                                                                                                                                                                                                                                                                                                                                                                                                                                                                                                                                                                                                                                                                                                                                                                                                                                                                                                                                                                                                                                                                                                                                                                                                                                                                                                                                                                                                                                                                                                                                                                                                                                                                                                                                                                                                                                                                                                                                                                                                                                                                                                                                                                                                                                                                                                                                                                                                                                                                                                                                                                                                                                                                                                                                                                                                                                                                                                                                                                                                                                                                                                                                                                                                                                                                                                                                                                                                                                                                                                                                                                                                                                                                                                                                                                                                                                                                                                                                                                                                                                                                                                                                                                                                                                                                                                                                                                                                                                                                                                                                                                                                                                                                                                                                                                                                                                                                                                                                                                                                                                                                                                                                                                                                                                                                                                                                                                                                                                                                                                                                                                                                                                                                                                                                                                                                                                                                                                                                                                                                                                                                                                                                                                                                                                                                                                                                                                                                                                                                                                                                                                                                                                                                                                                                                                                                                                                                                                                                                                                                                                                                                                                                                                                                                                                                                                                                                                                                                                                                                                                                                                                                                                                                                                                                                                                                                                                                                                                                                                                                                                                                                                                                                                                                                                                                                                                                                                                                                                                                                                                                                                                                                                                                                                                                                                                                                                                                                                                                                                                                                                                                                                                                                                                                                                                                                                                                                                                                                                                                                                                                                                                                                                                                                                                                                                                                                                                                                                                                                                                                                                                                                                                                                                                                                                                                                                                                                                                                                                                                                                                                                                                                                                                                                                                                                                                                                                                                                                                                                                                                                                                                                                                                                                                                                                                                                                                                                                                                                                                                                                                                                                                                                                                                                                                                                                                                                                                                                                                                                                                                                                                                                                                                                                                                                                                                                                                                                                                                                                                                                                                                                                                                                                                                                                                                                                                                                                                                                                                                                                                                                                                                                                                                                                                                                                                                                                                                                                                                                                                                                                                                                                                                                                                                                                                                                                                                                                                                                                                                                                                                                                                                                                                                                                                                                                                                                                                                                                                                                                                                                                                                                                                                                                                                                                                                                                                                                                                                                                                                                                                                                                                                                                                                                                                                                                                                                                                                                                                                                                                                                                                                                                                                                                                                                                                                                                                                                                                                                                                                                                                                                                                                                                                                                                                                                                                                                                                                                                                                                                                                                                                                                                                                                                                                                                                                                                                                                                                                                                                                                                                                                                                                                                                                                                                                                                                                                                                                                                                                                                                                                                                                                                                                                                                                                                                                                                                                                                                                                                                                                                                                                                                                                                                                                                                                                                                                                                                                                                                                                                                                                                                                                                                                                                                                                                                                                                                                                                                                                                                                                                                                                                                                                                                                                                                                                                                                                                                                                                                                                                                                                                                                                                                                                                                                                                                                                                                                                                                                                                                                                                                                                                                                                                                                                                                                                                                                                                                                                                                                                                                                                                                                                                                                                                                                                                                                                                                                                                                                                                                                                                                                                                                                                                                                                                                                                                                                                                                                                                                                                                                                                                                                                                                                                                                                                                                                                                                                                                                                                                                                                                                                                                                                                                                                                                                                                                                                                                                                                                                                                                                                                                                                                                                                                                                                                                                                                                                                                                                                                                                                                                                                                                                                                                                                                                                                                                                                                                                                                                                                                                                                                                                                                                                                                                                                                                                                                                                                                                                                                                                                                                                                                                                                                                                                                                                                                                                                                                                                                                                                                                                                                                                                                                                                                                                                                                                                                                                                                                                                                                                                                                                                                                                                                                                                                                                                                                                                                                                                                                                                                                                                                                                                                                                                                                                                                                                                                                                                                                                                                                                                                                                                                                                                                                                                                                                                                                                                                                                                                                                                                                                                                                                                                                                                                                                                                                                                                                                                                                                                                                                                                                                                                                                                                                                                                                                                                                                                                                                                                                                                                                                                                                                                                                                                                                                                                                                                                                                                                                                                                                                                                                                                                                                                                                                                                                                                                                                                                                                                                                                                                                                                                                                                                                                                                                                                                                                                                                                                                                                                                                                                                                                                                                                                                                                                                                                                                                                                                                                                                                                                                                                                                                                                                                                                                                                                                                                                                                                                                                                                                                                                                                                                                                                                                                                                                                                                                                                                                                                                                                                                                                                                                                                                                                                                                                                                                                                                                                                                                                                                                                                                                                                                                                                                                                                                                                                                                                                                                                                                                                                                                                                                                                                                                                                                                                                                                                                                                                                                                                                                                                                                                                                                                                                                                                                                                                                                                                                                                                                                                                                                                                                                                                                                                                                                                                                                                                                                                                                                                                                                                                                                                                                                                                                                                                                                                                                                                                                                                                                                                                                                                                                                                                                                                                                                                                                                                                                                                                                                                                                                                                                                                                                                                                                                                                                                                                                                                                                                                                                                                                                                                                                                                                                                                                                                                                                                                                                                                                                                                                                                                                                                                                                                                                                                                                                                                                                                                                                                                                                                                                                                                                                                                                                                                                                                                                                                                                                                                                                                                                                                                                                                                                                                                                                                                                                                                                                                                                                                                                                                                                                                                                                                                                                                                                                                                                                                                                                                                                                                                                                                                                                                                                                                                                                                                                                                                                                                                                                                                                                                                                                                                                                                                                                                                                                                                                                                                                                                                                                                                                                                                                                                                                                                                                                                                                                                                                                                                                                                                                                                                                                                                                                                                                                                                                                                                                                                                                                                                                                                                                                                                                                                                                                                                                                                                                                                                                                                                                                                                                                                                                                                                                                                                                                                                                                                                                                                                                                                                                                                                                                                                                                                                                                                                                                                                                                                                                                                                                                                                                                                                                                                                                                                                                                                                                                                                                                                                                                                                                                                                                                                                                                                                                                                                                                                                                                                                                                                                                                                                                                                                                                                                                                                                                                                                                                                                                                                                                                                                                                                                                                                                                                                                                                                                                                                                                                                                                                                                                                                                                                                                                                                                                                                                                                                                                                                                                                                                                                                                                                                                                                                                                                                                                                                                                                                                                                                                                                                                                                                                                                                                                                                                                                                                                                                                                                                                                                                                                                                                                                                                                                                                                                                                                                                                                                                                                                                                                                                                                                                                                                                                                                                                                                                                                                                                                                                                                                                                                                                                                                                                                                                                                                                                                                                                                                                                                                                                                                                                                                                                                                                                                                                                                                                                                                                                                                                                                                                                                                                                                                                                                                                                                                                                                                                                                                                                                                                                                                                                                                                                                                                                                                                                                                                                                                                                                                                                                                                                                                                                                                                                                                                                                                                                                                                                                                                                                                                                                                                                                                                                                                                                                                                                                                                                                                                                                                                                                                                                                                                                                                                                                                                                                                                                                                                                                                                                                                                                                                                                                                                                                                                                                                                                                                                                                                                                                                                                                                                                                                                                                                                                                                                                                                                                                                                                                                                                                                                                                                                                                                                                                                                                                                                                                                                                                                                                                                                                                                                                                                                                                                                                                                                                                                                                                                                                                                                                                                                                                                                                                                                                                                                                                                                                                                                                                                                                                                                                                                                                                                                                                                                                                                                                                                                                                                                                                                                                                                                                                                                                                                                                                                                                                                                                                                                                                                                                                                                                                                                                                                                                                                                                                                                                                                                                                                                                                                                                                                                                                                                                                                                                                                                                                                                                                                                                                                                                                                                                                                                                                                                                                                                                                                                                                                                                                                                                                                                                                                                                                                                                                                                                                                                                                                                                                                                                                                                                                                                                                                                                                                                                                                                                                                                                                                                                                                                                                                                                                                                                                                                                                                                                                                                                                                                                                                                                                                                                                                                                                                                                                                                                                                                                                                                                                                                                                                                                                                                                                                                                                                                                                                                                                                                                                                                                                                                                                                                                                                                                                                                                                                                                                                                                                                                                                                                                                                                                                                                                                                                                                                                                                                                                                                                                                                                                                                                                                                                                                                                                                                                                                                                                                                                                                                                                                                                                                                                                                                                                                                                                                                                                                                                                                                                                                                                                                                                                                                                                                                                                                                                                                                                                                                                                                                                                                                                                                                                                                                                                                                                                                                                                                                                                                                                                                                                                                                                                                                                                                                                                                                                                                                                                                                                                                                                                                                                                                                                                                                                                                                                                                                                                                                                                                                                                                                                                                                                                                                                                                                                                                                                                                                                                                                                                                                                                                                                                                                                                                                                                                                                                                                                                                                                                                                                                                                                                                                                                                                                                                                                                                                                                                                                                                                                                                                                                                                                                                                                                                                                                                                                                                                                                                                                                                                                                                                                                                                                                                                                                                                                                                                                                                                                                                                                                                                                                                                                                                                                                                                                                                                                                                                                                                                                                                                                                                                                                                                                                                                                                                                                                                                                                                                                                                                                                                                                                                                                                                                                                                                                                                                                                                                                                                                                                                                                                                                                                                                                                                                                                                                                                                                                                                                                                                                                                                                                                                                                                                                                                                                                                                                                                                                                                                                                                                                                                                                                                                                                                                                                                                                                                                                                                                                                                                                                                                                                                                                                                                                                                                                                                                                                                                                                                                                                                                                                                                                                                                                                                                                                                                                                                                                                                                                                                                                                                                                                                                                                                                                                                                                                                                                                                                                                                                                                                                                                                                                                                                                                                                                                                                                                                                                                                                                                                                                                                                                                                                                                                                                                                                                                                                                                                                                                                                                                                                                                                                                                                                                                                                                                                                                                                                                                                                                                                                                                                                                                                                                                                                                                                                                                                                                                                                                                                                                                                                                                                                                                                                                                                                                                                                                                                                                                                                                                                                                                                                                                                                                                                                                                                                                                                                                                                                                                                                                                                                                                                                                                                                                                                                                                                                                                                                                                                                                                                                                                                                                                                                                                                                                                                                                                                                                                                                                                                                                                                                                                                                                                                                                                                                                                                                                                                                                                                                                                                                                                                                                                                                                                                                                                                                                                                                                                                                                                                                                                                                                                                                                                                                                                                                                                                                                                                                                                                                                                                                                                                                                                                                                                                                                                                                                                                                                                                                                                                                                                                                                                                                                                                                                                                                                                                                                                                                                                                                                                                                                                                                                                                                                                                                                                                                                                                                                                                                                                                                                                                                                                                                                                                                                                                                                                                                                                                                                                                                                                                                                                                                                                                                                                                                                                                                                                                                                                                                                                                                                                                                                                                                                                                                                                                                                                                                                                                                                                                                                                                                                                                                                                                                                                                                                                                                                                                                                                                                                                                                                                                                                                                                                                                                                                                                                                                                                                                                                                                                                                                                                                                                                                                                                                                                                                                                                                                                                                                                                                                                                                                                                                                                                                                                                                                                                                                                                                                                                                                                                                                                                                                                                                                                                                                                                                                                                                                                                                                                                                                                                                                                                                                                                                                                                                                                                                                                                                                                                                                                                                                                                                                                                                                                                                                                                                                                                                                                                                                                                                                                                                                                                                                                                                                                                                                                                                                                                                                                                                                                                                                                                                                                                                                                                                                                                                                                                                                                                                                                                                                                                                                                                                                                                                                                                                                                                                                                                                                                                                                                                                                                                                                                                                                                                                                                                                                                                                                                                                                                                                                                                                                                                                                                                                                                                                                                                                                                                                                                                                                                                                                                                                                                                                                                                                                                                                                                                                                                                                                                                                                                                                                                                                                                                                                                                                                                                                                                                                                                                                                                                                                                                                                                                                                                                                                                                                                                                                                                                                                                                                                                                                                                                                                                                                                                                                                                                                                                                                                                                                                                                                                                                                                                                                                                                                                                                                                                                                                                                                                                                                                                                                                                                                                                                                                                                                                                                                                                                                                                                                                                                                                                                                                                                                                                                                                                                                                                                                                                                                                                                                                                                                                                                                                                                                                                                                                                                                                                                                                                                                                                                                                                                                                                                                                                                                                                                                                                                                                                                                                                                                                                                                                                                                                                                                                                                                                                              
  .   ____          _            __ _ _
 /\\ / ___'_ __ _ _(_)_ __  __ _ \ \ \ \
( ( )\___ | '_ | '_| | '_ \/ _` | \ \ \ \
 \\/  ___)| |_)| | | | | || (_| |  ) ) ) )
  '  |____| .__|_| |_|_| |_\__, | / / / /
 =========|_|==============|___/=/_/_/_/

 :: Spring Boot ::                (v4.0.0)

2026-02-25T13:23:44.470+01:00  INFO 8306 --- [backend-electro] [  restartedMain] c.p.backend.BackendElectroApplication    : Starting BackendElectroApplication using Java 23 with PID 8306 (/home/delta/DD/Projets 4Gi/electronique/backend-electro/target/classes started by delta in /home/delta/DD/Projets 4Gi/electronique/backend-electro)
2026-02-25T13:23:44.474+01:00  INFO 8306 --- [backend-electro] [  restartedMain] c.p.backend.BackendElectroApplication    : No active profile set, falling back to 1 default profile: "default"
2026-02-25T13:23:44.560+01:00  WARN 8306 --- [backend-electro] [  restartedMain] ConfigServletWebServerApplicationContext : Exception encountered during context initialization - cancelling refresh attempt: org.springframework.beans.factory.BeanDefinitionStoreException: I/O failure while processing configuration class [com.polytechnique.backend.service.impl.DiagnosticServiceImpl]
2026-02-25T13:23:44.586+01:00 ERROR 8306 --- [backend-electro] [  restartedMain] o.s.boot.SpringApplication               : Application run failed

org.springframework.beans.factory.BeanDefinitionStoreException: I/O failure while processing configuration class [com.polytechnique.backend.service.impl.DiagnosticServiceImpl]
	at org.springframework.context.annotation.ConfigurationClassParser.processConfigurationClass(ConfigurationClassParser.java:288) ~[spring-context-7.0.1.jar:7.0.1]
	at org.springframework.context.annotation.ConfigurationClassParser.parse(ConfigurationClassParser.java:220) ~[spring-context-7.0.1.jar:7.0.1]
	at org.springframework.context.annotation.ConfigurationClassParser.doProcessConfigurationClass(ConfigurationClassParser.java:355) ~[spring-context-7.0.1.jar:7.0.1]
	at org.springframework.context.annotation.ConfigurationClassParser.processConfigurationClass(ConfigurationClassParser.java:283) ~[spring-context-7.0.1.jar:7.0.1]
	at org.springframework.context.annotation.ConfigurationClassParser.parse(ConfigurationClassParser.java:206) ~[spring-context-7.0.1.jar:7.0.1]
	at org.springframework.context.annotation.ConfigurationClassParser.parse(ConfigurationClassParser.java:174) ~[spring-context-7.0.1.jar:7.0.1]
	at org.springframework.context.annotation.ConfigurationClassPostProcessor.processConfigBeanDefinitions(ConfigurationClassPostProcessor.java:442) ~[spring-context-7.0.1.jar:7.0.1]
	at org.springframework.context.annotation.ConfigurationClassPostProcessor.postProcessBeanDefinitionRegistry(ConfigurationClassPostProcessor.java:306) ~[spring-context-7.0.1.jar:7.0.1]
	at org.springframework.context.support.PostProcessorRegistrationDelegate.invokeBeanDefinitionRegistryPostProcessors(PostProcessorRegistrationDelegate.java:349) ~[spring-context-7.0.1.jar:7.0.1]
	at org.springframework.context.support.PostProcessorRegistrationDelegate.invokeBeanFactoryPostProcessors(PostProcessorRegistrationDelegate.java:118) ~[spring-context-7.0.1.jar:7.0.1]
	at org.springframework.context.support.AbstractApplicationContext.invokeBeanFactoryPostProcessors(AbstractApplicationContext.java:784) ~[spring-context-7.0.1.jar:7.0.1]
	at org.springframework.context.support.AbstractApplicationContext.refresh(AbstractApplicationContext.java:602) ~[spring-context-7.0.1.jar:7.0.1]
	at org.springframework.boot.web.server.servlet.context.ServletWebServerApplicationContext.refresh(ServletWebServerApplicationContext.java:143) ~[spring-boot-web-server-4.0.0.jar:4.0.0]
	at org.springframework.boot.SpringApplication.refresh(SpringApplication.java:765) ~[spring-boot-4.0.0.jar:4.0.0]
	at org.springframework.boot.SpringApplication.refreshContext(SpringApplication.java:454) ~[spring-boot-4.0.0.jar:4.0.0]
	at org.springframework.boot.SpringApplication.run(SpringApplication.java:321) ~[spring-boot-4.0.0.jar:4.0.0]
	at org.springframework.boot.SpringApplication.run(SpringApplication.java:1374) ~[spring-boot-4.0.0.jar:4.0.0]
	at org.springframework.boot.SpringApplication.run(SpringApplication.java:1363) ~[spring-boot-4.0.0.jar:4.0.0]
	at com.polytechnique.backend.BackendElectroApplication.main(BackendElectroApplication.java:12) ~[classes/:na]
	at java.base/jdk.internal.reflect.DirectMethodHandleAccessor.invoke(DirectMethodHandleAccessor.java:103) ~[na:na]
	at java.base/java.lang.reflect.Method.invoke(Method.java:580) ~[na:na]
	at org.springframework.boot.devtools.restart.RestartLauncher.run(RestartLauncher.java:52) ~[spring-boot-devtools-4.0.0.jar:4.0.0]
Caused by: java.io.FileNotFoundException: class path resource [com/polytechnique/backend/service/DiagnosticService.class] cannot be opened because it does not exist
	at org.springframework.core.io.ClassPathResource.getInputStream(ClassPathResource.java:212) ~[spring-core-7.0.1.jar:7.0.1]
	at org.springframework.core.type.classreading.SimpleMetadataReader.getClassReader(SimpleMetadataReader.java:54) ~[spring-core-7.0.1.jar:7.0.1]
	at org.springframework.core.type.classreading.SimpleMetadataReader.<init>(SimpleMetadataReader.java:48) ~[spring-core-7.0.1.jar:7.0.1]
	at org.springframework.core.type.classreading.SimpleMetadataReaderFactory.getMetadataReader(SimpleMetadataReaderFactory.java:62) ~[spring-core-7.0.1.jar:7.0.1]
	at org.springframework.core.type.classreading.CachingMetadataReaderFactory.getMetadataReader(CachingMetadataReaderFactory.java:127) ~[spring-core-7.0.1.jar:7.0.1]
	at org.springframework.core.type.classreading.AbstractMetadataReaderFactory.getMetadataReader(AbstractMetadataReaderFactory.java:62) ~[spring-core-7.0.1.jar:7.0.1]
	at org.springframework.core.type.classreading.CachingMetadataReaderFactory.getMetadataReader(CachingMetadataReaderFactory.java:40) ~[spring-core-7.0.1.jar:7.0.1]
	at org.springframework.context.annotation.ConfigurationClassParser.asSourceClass(ConfigurationClassParser.java:728) ~[spring-context-7.0.1.jar:7.0.1]
	at org.springframework.context.annotation.ConfigurationClassParser$SourceClass.getInterfaces(ConfigurationClassParser.java:1074) ~[spring-context-7.0.1.jar:7.0.1]
	at org.springframework.context.annotation.ConfigurationClassParser.collectImports(ConfigurationClassParser.java:566) ~[spring-context-7.0.1.jar:7.0.1]
	at org.springframework.context.annotation.ConfigurationClassParser.getImports(ConfigurationClassParser.java:541) ~[spring-context-7.0.1.jar:7.0.1]
	at org.springframework.context.annotation.ConfigurationClassParser.doProcessConfigurationClass(ConfigurationClassParser.java:362) ~[spring-context-7.0.1.jar:7.0.1]
	at org.springframework.context.annotation.ConfigurationClassParser.processConfigurationClass(ConfigurationClassParser.java:283) ~[spring-context-7.0.1.jar:7.0.1]
	... 21 common frames omitted


  .   ____          _            __ _ _
 /\\ / ___'_ __ _ _(_)_ __  __ _ \ \ \ \
( ( )\___ | '_ | '_| | '_ \/ _` | \ \ \ \
 \\/  ___)| |_)| | | | | || (_| |  ) ) ) )
  '  |____| .__|_| |_|_| |_\__, | / / / /
 =========|_|==============|___/=/_/_/_/

 :: Spring Boot ::                (v4.0.0)

2026-02-25T13:25:37.400+01:00  INFO 8306 --- [backend-electro] [  restartedMain] c.p.backend.BackendElectroApplication    : Starting BackendElectroApplication using Java 23 with PID 8306 (/home/delta/DD/Projets 4Gi/electronique/backend-electro/target/classes started by delta in /home/delta/DD/Projets 4Gi/electronique/backend-electro)
2026-02-25T13:25:37.400+01:00  INFO 8306 --- [backend-electro] [  restartedMain] c.p.backend.BackendElectroApplication    : No active profile set, falling back to 1 default profile: "default"
2026-02-25T13:25:37.626+01:00  WARN 8306 --- [backend-electro] [  restartedMain] ConfigServletWebServerApplicationContext : Exception encountered during context initialization - cancelling refresh attempt: org.springframework.beans.factory.BeanDefinitionStoreException: I/O failure while processing configuration class [com.polytechnique.backend.service.impl.DiagnosticServiceImpl]
2026-02-25T13:25:37.644+01:00 ERROR 8306 --- [backend-electro] [  restartedMain] o.s.boot.SpringApplication               : Application run failed

org.springframework.beans.factory.BeanDefinitionStoreException: I/O failure while processing configuration class [com.polytechnique.backend.service.impl.DiagnosticServiceImpl]
	at org.springframework.context.annotation.ConfigurationClassParser.processConfigurationClass(ConfigurationClassParser.java:288) ~[spring-context-7.0.1.jar:7.0.1]
	at org.springframework.context.annotation.ConfigurationClassParser.parse(ConfigurationClassParser.java:220) ~[spring-context-7.0.1.jar:7.0.1]
	at org.springframework.context.annotation.ConfigurationClassParser.doProcessConfigurationClass(ConfigurationClassParser.java:355) ~[spring-context-7.0.1.jar:7.0.1]
	at org.springframework.context.annotation.ConfigurationClassParser.processConfigurationClass(ConfigurationClassParser.java:283) ~[spring-context-7.0.1.jar:7.0.1]
	at org.springframework.context.annotation.ConfigurationClassParser.parse(ConfigurationClassParser.java:206) ~[spring-context-7.0.1.jar:7.0.1]
	at org.springframework.context.annotation.ConfigurationClassParser.parse(ConfigurationClassParser.java:174) ~[spring-context-7.0.1.jar:7.0.1]
	at org.springframework.context.annotation.ConfigurationClassPostProcessor.processConfigBeanDefinitions(ConfigurationClassPostProcessor.java:442) ~[spring-context-7.0.1.jar:7.0.1]
	at org.springframework.context.annotation.ConfigurationClassPostProcessor.postProcessBeanDefinitionRegistry(ConfigurationClassPostProcessor.java:306) ~[spring-context-7.0.1.jar:7.0.1]
	at org.springframework.context.support.PostProcessorRegistrationDelegate.invokeBeanDefinitionRegistryPostProcessors(PostProcessorRegistrationDelegate.java:349) ~[spring-context-7.0.1.jar:7.0.1]
	at org.springframework.context.support.PostProcessorRegistrationDelegate.invokeBeanFactoryPostProcessors(PostProcessorRegistrationDelegate.java:118) ~[spring-context-7.0.1.jar:7.0.1]
	at org.springframework.context.support.AbstractApplicationContext.invokeBeanFactoryPostProcessors(AbstractApplicationContext.java:784) ~[spring-context-7.0.1.jar:7.0.1]
	at org.springframework.context.support.AbstractApplicationContext.refresh(AbstractApplicationContext.java:602) ~[spring-context-7.0.1.jar:7.0.1]
	at org.springframework.boot.web.server.servlet.context.ServletWebServerApplicationContext.refresh(ServletWebServerApplicationContext.java:143) ~[spring-boot-web-server-4.0.0.jar:4.0.0]
	at org.springframework.boot.SpringApplication.refresh(SpringApplication.java:765) ~[spring-boot-4.0.0.jar:4.0.0]
	at org.springframework.boot.SpringApplication.refreshContext(SpringApplication.java:454) ~[spring-boot-4.0.0.jar:4.0.0]
	at org.springframework.boot.SpringApplication.run(SpringApplication.java:321) ~[spring-boot-4.0.0.jar:4.0.0]
	at org.springframework.boot.SpringApplication.run(SpringApplication.java:1374) ~[spring-boot-4.0.0.jar:4.0.0]
	at org.springframework.boot.SpringApplication.run(SpringApplication.java:1363) ~[spring-boot-4.0.0.jar:4.0.0]
	at com.polytechnique.backend.BackendElectroApplication.main(BackendElectroApplication.java:12) ~[classes/:na]
	at java.base/jdk.internal.reflect.DirectMethodHandleAccessor.invoke(DirectMethodHandleAccessor.java:103) ~[na:na]
	at java.base/java.lang.reflect.Method.invoke(Method.java:580) ~[na:na]
	at org.springframework.boot.devtools.restart.RestartLauncher.run(RestartLauncher.java:52) ~[spring-boot-devtools-4.0.0.jar:4.0.0]
Caused by: java.io.FileNotFoundException: class path resource [com/polytechnique/backend/service/DiagnosticService.class] cannot be opened because it does not exist
	at org.springframework.core.io.ClassPathResource.getInputStream(ClassPathResource.java:212) ~[spring-core-7.0.1.jar:7.0.1]
	at org.springframework.core.type.classreading.SimpleMetadataReader.getClassReader(SimpleMetadataReader.java:54) ~[spring-core-7.0.1.jar:7.0.1]
	at org.springframework.core.type.classreading.SimpleMetadataReader.<init>(SimpleMetadataReader.java:48) ~[spring-core-7.0.1.jar:7.0.1]
	at org.springframework.core.type.classreading.SimpleMetadataReaderFactory.getMetadataReader(SimpleMetadataReaderFactory.java:62) ~[spring-core-7.0.1.jar:7.0.1]
	at org.springframework.core.type.classreading.CachingMetadataReaderFactory.getMetadataReader(CachingMetadataReaderFactory.java:127) ~[spring-core-7.0.1.jar:7.0.1]
	at org.springframework.core.type.classreading.AbstractMetadataReaderFactory.getMetadataReader(AbstractMetadataReaderFactory.java:62) ~[spring-core-7.0.1.jar:7.0.1]
	at org.springframework.core.type.classreading.CachingMetadataReaderFactory.getMetadataReader(CachingMetadataReaderFactory.java:40) ~[spring-core-7.0.1.jar:7.0.1]
	at org.springframework.context.annotation.ConfigurationClassParser.asSourceClass(ConfigurationClassParser.java:728) ~[spring-context-7.0.1.jar:7.0.1]
	at org.springframework.context.annotation.ConfigurationClassParser$SourceClass.getInterfaces(ConfigurationClassParser.java:1074) ~[spring-context-7.0.1.jar:7.0.1]
	at org.springframework.context.annotation.ConfigurationClassParser.collectImports(ConfigurationClassParser.java:566) ~[spring-context-7.0.1.jar:7.0.1]
	at org.springframework.context.annotation.ConfigurationClassParser.getImports(ConfigurationClassParser.java:541) ~[spring-context-7.0.1.jar:7.0.1]
	at org.springframework.context.annotation.ConfigurationClassParser.doProcessConfigurationClass(ConfigurationClassParser.java:362) ~[spring-context-7.0.1.jar:7.0.1]
	at org.springframework.context.annotation.ConfigurationClassParser.processConfigurationClass(ConfigurationClassParser.java:283) ~[spring-context-7.0.1.jar:7.0.1]
	... 21 common frames omitted


  .   ____          _            __ _ _
 /\\ / ___'_ __ _ _(_)_ __  __ _ \ \ \ \
( ( )\___ | '_ | '_| | '_ \/ _` | \ \ \ \
 \\/  ___)| |_)| | | | | || (_| |  ) ) ) )
  '  |____| .__|_| |_|_| |_\__, | / / / /
 =========|_|==============|___/=/_/_/_/

 :: Spring Boot ::                (v4.0.0)

2026-02-25T13:25:44.251+01:00  INFO 8306 --- [backend-electro] [  restartedMain] c.p.backend.BackendElectroApplication    : Starting BackendElectroApplication using Java 23 with PID 8306 (/home/delta/DD/Projets 4Gi/electronique/backend-electro/target/classes started by delta in /home/delta/DD/Projets 4Gi/electronique/backend-electro)
2026-02-25T13:25:44.253+01:00  INFO 8306 --- [backend-electro] [  restartedMain] c.p.backend.BackendElectroApplication    : No active profile set, falling back to 1 default profile: "default"
2026-02-25T13:25:47.976+01:00  INFO 8306 --- [backend-electro] [  restartedMain] .s.d.r.c.RepositoryConfigurationDelegate : Bootstrapping Spring Data JPA repositories in DEFAULT mode.
2026-02-25T13:25:48.354+01:00  INFO 8306 --- [backend-electro] [  restartedMain] .s.d.r.c.RepositoryConfigurationDelegate : Finished Spring Data repository scanning in 361 ms. Found 4 JPA repository interfaces.
2026-02-25T13:25:50.019+01:00  INFO 8306 --- [backend-electro] [  restartedMain] o.s.boot.tomcat.TomcatWebServer          : Tomcat initialized with port 9080 (http)
2026-02-25T13:25:50.057+01:00  INFO 8306 --- [backend-electro] [  restartedMain] o.apache.catalina.core.StandardService   : Starting service [Tomcat]
2026-02-25T13:25:50.058+01:00  INFO 8306 --- [backend-electro] [  restartedMain] o.apache.catalina.core.StandardEngine    : Starting Servlet engine: [Apache Tomcat/11.0.14]
2026-02-25T13:25:50.699+01:00  INFO 8306 --- [backend-electro] [  restartedMain] b.w.c.s.WebApplicationContextInitializer : Root WebApplicationContext: initialization completed in 6434 ms
2026-02-25T13:25:50.986+01:00 DEBUG 8306 --- [backend-electro] [  restartedMain] o.springframework.web.filter.CorsFilter  : Filter 'corsFilter' configured for use
2026-02-25T13:25:51.305+01:00  INFO 8306 --- [backend-electro] [  restartedMain] com.zaxxer.hikari.HikariDataSource       : HikariPool-7 - Starting...
2026-02-25T13:25:58.090+01:00  INFO 8306 --- [backend-electro] [  restartedMain] o.hibernate.jpa.internal.util.LogHelper  : HHH000204: Processing PersistenceUnitInfo [name: default]
2026-02-25T13:25:58.471+01:00  INFO 8306 --- [backend-electro] [  restartedMain] o.s.o.j.p.SpringPersistenceUnitInfo      : No LoadTimeWeaver setup: ignoring JPA class transformer
2026-02-25T13:25:58.483+01:00  INFO 8306 --- [backend-electro] [  restartedMain] com.zaxxer.hikari.HikariDataSource       : HikariPool-7 - Starting...
2026-02-25T13:26:04.523+01:00  WARN 8306 --- [backend-electro] [  restartedMain] org.hibernate.orm.jdbc.error             : HHH000247: ErrorCode: 0, SQLState: 08001
2026-02-25T13:26:04.524+01:00  WARN 8306 --- [backend-electro] [  restartedMain] org.hibernate.orm.jdbc.error             : The connection attempt failed.
2026-02-25T13:26:04.530+01:00  WARN 8306 --- [backend-electro] [  restartedMain] o.h.e.j.e.i.JdbcEnvironmentInitiator     : HHH000342: Could not obtain connection to query JDBC database metadata

org.hibernate.exception.JDBCConnectionException: Unable to obtain isolated JDBC connection [The connection attempt failed.] [n/a]
	at org.hibernate.exception.internal.SQLStateConversionDelegate.convert(SQLStateConversionDelegate.java:80) ~[hibernate-core-7.1.8.Final.jar:7.1.8.Final]
	at org.hibernate.exception.internal.StandardSQLExceptionConverter.convert(StandardSQLExceptionConverter.java:34) ~[hibernate-core-7.1.8.Final.jar:7.1.8.Final]
	at org.hibernate.engine.jdbc.spi.SqlExceptionHelper.convert(SqlExceptionHelper.java:115) ~[hibernate-core-7.1.8.Final.jar:7.1.8.Final]
	at org.hibernate.engine.jdbc.spi.SqlExceptionHelper.convert(SqlExceptionHelper.java:101) ~[hibernate-core-7.1.8.Final.jar:7.1.8.Final]
	at org.hibernate.resource.transaction.backend.jdbc.internal.JdbcIsolationDelegate.delegateWork(JdbcIsolationDelegate.java:51) ~[hibernate-core-7.1.8.Final.jar:7.1.8.Final]
	at org.hibernate.engine.jdbc.env.internal.JdbcEnvironmentInitiator.getJdbcEnvironmentUsingJdbcMetadata(JdbcEnvironmentInitiator.java:355) ~[hibernate-core-7.1.8.Final.jar:7.1.8.Final]
	at org.hibernate.engine.jdbc.env.internal.JdbcEnvironmentInitiator.getJdbcEnvironment(JdbcEnvironmentInitiator.java:149) ~[hibernate-core-7.1.8.Final.jar:7.1.8.Final]
	at org.hibernate.engine.jdbc.env.internal.JdbcEnvironmentInitiator.initiateService(JdbcEnvironmentInitiator.java:127) ~[hibernate-core-7.1.8.Final.jar:7.1.8.Final]
	at org.hibernate.engine.jdbc.env.internal.JdbcEnvironmentInitiator.initiateService(JdbcEnvironmentInitiator.java:82) ~[hibernate-core-7.1.8.Final.jar:7.1.8.Final]
	at org.hibernate.boot.registry.internal.StandardServiceRegistryImpl.initiateService(StandardServiceRegistryImpl.java:133) ~[hibernate-core-7.1.8.Final.jar:7.1.8.Final]
	at org.hibernate.service.internal.AbstractServiceRegistryImpl.createService(AbstractServiceRegistryImpl.java:262) ~[hibernate-core-7.1.8.Final.jar:7.1.8.Final]
	at org.hibernate.service.internal.AbstractServiceRegistryImpl.initializeService(AbstractServiceRegistryImpl.java:237) ~[hibernate-core-7.1.8.Final.jar:7.1.8.Final]
	at org.hibernate.service.internal.AbstractServiceRegistryImpl.getService(AbstractServiceRegistryImpl.java:214) ~[hibernate-core-7.1.8.Final.jar:7.1.8.Final]
	at org.hibernate.boot.model.relational.Database.<init>(Database.java:44) ~[hibernate-core-7.1.8.Final.jar:7.1.8.Final]
	at org.hibernate.boot.internal.InFlightMetadataCollectorImpl.getDatabase(InFlightMetadataCollectorImpl.java:255) ~[hibernate-core-7.1.8.Final.jar:7.1.8.Final]
	at org.hibernate.boot.internal.InFlightMetadataCollectorImpl.<init>(InFlightMetadataCollectorImpl.java:207) ~[hibernate-core-7.1.8.Final.jar:7.1.8.Final]
	at org.hibernate.boot.model.process.spi.MetadataBuildingProcess.complete(MetadataBuildingProcess.java:185) ~[hibernate-core-7.1.8.Final.jar:7.1.8.Final]
	at org.hibernate.jpa.boot.internal.EntityManagerFactoryBuilderImpl.metadata(EntityManagerFactoryBuilderImpl.java:1395) ~[hibernate-core-7.1.8.Final.jar:7.1.8.Final]
	at org.hibernate.jpa.boot.internal.EntityManagerFactoryBuilderImpl.populateSessionFactoryBuilder(EntityManagerFactoryBuilderImpl.java:1475) ~[hibernate-core-7.1.8.Final.jar:7.1.8.Final]
	at org.hibernate.jpa.boot.internal.EntityManagerFactoryBuilderImpl.build(EntityManagerFactoryBuilderImpl.java:1457) ~[hibernate-core-7.1.8.Final.jar:7.1.8.Final]
	at org.springframework.orm.jpa.vendor.SpringHibernateJpaPersistenceProvider.createContainerEntityManagerFactory(SpringHibernateJpaPersistenceProvider.java:66) ~[spring-orm-7.0.1.jar:7.0.1]
	at org.springframework.orm.jpa.LocalContainerEntityManagerFactoryBean.createNativeEntityManagerFactory(LocalContainerEntityManagerFactoryBean.java:433) ~[spring-orm-7.0.1.jar:7.0.1]
	at org.springframework.orm.jpa.AbstractEntityManagerFactoryBean.buildNativeEntityManagerFactory(AbstractEntityManagerFactoryBean.java:416) ~[spring-orm-7.0.1.jar:7.0.1]
	at org.springframework.orm.jpa.AbstractEntityManagerFactoryBean.afterPropertiesSet(AbstractEntityManagerFactoryBean.java:396) ~[spring-orm-7.0.1.jar:7.0.1]
	at org.springframework.orm.jpa.LocalContainerEntityManagerFactoryBean.afterPropertiesSet(LocalContainerEntityManagerFactoryBean.java:409) ~[spring-orm-7.0.1.jar:7.0.1]
	at org.springframework.beans.factory.support.AbstractAutowireCapableBeanFactory.invokeInitMethods(AbstractAutowireCapableBeanFactory.java:1864) ~[spring-beans-7.0.1.jar:7.0.1]
	at org.springframework.beans.factory.support.AbstractAutowireCapableBeanFactory.initializeBean(AbstractAutowireCapableBeanFactory.java:1813) ~[spring-beans-7.0.1.jar:7.0.1]
	at org.springframework.beans.factory.support.AbstractAutowireCapableBeanFactory.doCreateBean(AbstractAutowireCapableBeanFactory.java:603) ~[spring-beans-7.0.1.jar:7.0.1]
	at org.springframework.beans.factory.support.AbstractAutowireCapableBeanFactory.createBean(AbstractAutowireCapableBeanFactory.java:525) ~[spring-beans-7.0.1.jar:7.0.1]
	at org.springframework.beans.factory.support.AbstractBeanFactory.lambda$doGetBean$0(AbstractBeanFactory.java:333) ~[spring-beans-7.0.1.jar:7.0.1]
	at org.springframework.beans.factory.support.DefaultSingletonBeanRegistry.getSingleton(DefaultSingletonBeanRegistry.java:371) ~[spring-beans-7.0.1.jar:7.0.1]
	at org.springframework.beans.factory.support.AbstractBeanFactory.doGetBean(AbstractBeanFactory.java:331) ~[spring-beans-7.0.1.jar:7.0.1]
	at org.springframework.beans.factory.support.AbstractBeanFactory.getBean(AbstractBeanFactory.java:201) ~[spring-beans-7.0.1.jar:7.0.1]
	at org.springframework.context.support.AbstractApplicationContext.finishBeanFactoryInitialization(AbstractApplicationContext.java:966) ~[spring-context-7.0.1.jar:7.0.1]
	at org.springframework.context.support.AbstractApplicationContext.refresh(AbstractApplicationContext.java:620) ~[spring-context-7.0.1.jar:7.0.1]
	at org.springframework.boot.web.server.servlet.context.ServletWebServerApplicationContext.refresh(ServletWebServerApplicationContext.java:143) ~[spring-boot-web-server-4.0.0.jar:4.0.0]
	at org.springframework.boot.SpringApplication.refresh(SpringApplication.java:765) ~[spring-boot-4.0.0.jar:4.0.0]
	at org.springframework.boot.SpringApplication.refreshContext(SpringApplication.java:454) ~[spring-boot-4.0.0.jar:4.0.0]
	at org.springframework.boot.SpringApplication.run(SpringApplication.java:321) ~[spring-boot-4.0.0.jar:4.0.0]
	at org.springframework.boot.SpringApplication.run(SpringApplication.java:1374) ~[spring-boot-4.0.0.jar:4.0.0]
	at org.springframework.boot.SpringApplication.run(SpringApplication.java:1363) ~[spring-boot-4.0.0.jar:4.0.0]
	at com.polytechnique.backend.BackendElectroApplication.main(BackendElectroApplication.java:12) ~[classes/:na]
	at java.base/jdk.internal.reflect.DirectMethodHandleAccessor.invoke(DirectMethodHandleAccessor.java:103) ~[na:na]
	at java.base/java.lang.reflect.Method.invoke(Method.java:580) ~[na:na]
	at org.springframework.boot.devtools.restart.RestartLauncher.run(RestartLauncher.java:52) ~[spring-boot-devtools-4.0.0.jar:4.0.0]
Caused by: org.postgresql.util.PSQLException: The connection attempt failed.
	at org.postgresql.core.v3.ConnectionFactoryImpl.openConnectionImpl(ConnectionFactoryImpl.java:385) ~[postgresql-42.7.8.jar:42.7.8]
	at org.postgresql.core.ConnectionFactory.openConnection(ConnectionFactory.java:57) ~[postgresql-42.7.8.jar:42.7.8]
	at org.postgresql.jdbc.PgConnection.<init>(PgConnection.java:279) ~[postgresql-42.7.8.jar:42.7.8]
	at org.postgresql.Driver.makeConnection(Driver.java:448) ~[postgresql-42.7.8.jar:42.7.8]
	at org.postgresql.Driver.connect(Driver.java:298) ~[postgresql-42.7.8.jar:42.7.8]
	at com.zaxxer.hikari.util.DriverDataSource.getConnection(DriverDataSource.java:144) ~[HikariCP-7.0.2.jar:na]
	at com.zaxxer.hikari.pool.PoolBase.newConnection(PoolBase.java:373) ~[HikariCP-7.0.2.jar:na]
	at com.zaxxer.hikari.pool.PoolBase.newPoolEntry(PoolBase.java:210) ~[HikariCP-7.0.2.jar:na]
	at com.zaxxer.hikari.pool.HikariPool.createPoolEntry(HikariPool.java:488) ~[HikariCP-7.0.2.jar:na]
	at com.zaxxer.hikari.pool.HikariPool.checkFailFast(HikariPool.java:576) ~[HikariCP-7.0.2.jar:na]
	at com.zaxxer.hikari.pool.HikariPool.<init>(HikariPool.java:97) ~[HikariCP-7.0.2.jar:na]
	at com.zaxxer.hikari.HikariDataSource.getConnection(HikariDataSource.java:111) ~[HikariCP-7.0.2.jar:na]
	at org.hibernate.engine.jdbc.connections.internal.DatasourceConnectionProviderImpl.getConnection(DatasourceConnectionProviderImpl.java:138) ~[hibernate-core-7.1.8.Final.jar:7.1.8.Final]
	at org.hibernate.engine.jdbc.env.internal.JdbcEnvironmentInitiator$ConnectionProviderJdbcConnectionAccess.obtainConnection(JdbcEnvironmentInitiator.java:499) ~[hibernate-core-7.1.8.Final.jar:7.1.8.Final]
	at org.hibernate.resource.transaction.backend.jdbc.internal.JdbcIsolationDelegate.delegateWork(JdbcIsolationDelegate.java:48) ~[hibernate-core-7.1.8.Final.jar:7.1.8.Final]
	... 40 common frames omitted
Caused by: java.net.SocketTimeoutException: Read timed out
	at java.base/sun.nio.ch.NioSocketImpl.timedRead(NioSocketImpl.java:278) ~[na:na]
	at java.base/sun.nio.ch.NioSocketImpl.implRead(NioSocketImpl.java:304) ~[na:na]
	at java.base/sun.nio.ch.NioSocketImpl.read(NioSocketImpl.java:346) ~[na:na]
	at java.base/sun.nio.ch.NioSocketImpl$1.read(NioSocketImpl.java:796) ~[na:na]
	at java.base/java.net.Socket$SocketInputStream.implRead(Socket.java:1116) ~[na:na]
	at java.base/java.net.Socket$SocketInputStream.read(Socket.java:1103) ~[na:na]
	at org.postgresql.core.VisibleBufferedInputStream.readMore(VisibleBufferedInputStream.java:192) ~[postgresql-42.7.8.jar:42.7.8]
	at org.postgresql.core.VisibleBufferedInputStream.ensureBytes(VisibleBufferedInputStream.java:159) ~[postgresql-42.7.8.jar:42.7.8]
	at org.postgresql.core.VisibleBufferedInputStream.ensureBytes(VisibleBufferedInputStream.java:144) ~[postgresql-42.7.8.jar:42.7.8]
	at org.postgresql.core.VisibleBufferedInputStream.read(VisibleBufferedInputStream.java:76) ~[postgresql-42.7.8.jar:42.7.8]
	at org.postgresql.core.PGStream.receiveChar(PGStream.java:477) ~[postgresql-42.7.8.jar:42.7.8]
	at org.postgresql.core.v3.ConnectionFactoryImpl.enableSSL(ConnectionFactoryImpl.java:627) ~[postgresql-42.7.8.jar:42.7.8]
	at org.postgresql.core.v3.ConnectionFactoryImpl.tryConnect(ConnectionFactoryImpl.java:207) ~[postgresql-42.7.8.jar:42.7.8]
	at org.postgresql.core.v3.ConnectionFactoryImpl.openConnectionImpl(ConnectionFactoryImpl.java:289) ~[postgresql-42.7.8.jar:42.7.8]
	... 54 common frames omitted

2026-02-25T13:26:04.546+01:00  WARN 8306 --- [backend-electro] [  restartedMain] org.hibernate.orm.deprecation            : HHH90000025: PostgreSQLDialect does not need to be specified explicitly using 'hibernate.dialect' (remove the property setting and it will be selected by default)
2026-02-25T13:26:04.547+01:00  INFO 8306 --- [backend-electro] [  restartedMain] org.hibernate.orm.connections.pooling    : HHH10001005: Database info:
	Database JDBC URL [undefined/unknown]
	Database driver: undefined/unknown
	Database dialect: PostgreSQLDialect
	Database version: 13.0
	Default catalog/schema: unknown/unknown
	Autocommit mode: undefined/unknown
	Isolation level: NONE [default NONE]
	JDBC fetch size: undefined/unknown
	Pool: DatasourceConnectionProviderImpl
	Minimum pool size: undefined/unknown
	Maximum pool size: undefined/unknown
2026-02-25T13:26:06.619+01:00  INFO 8306 --- [backend-electro] [  restartedMain] o.h.e.t.j.p.i.JtaPlatformInitiator       : HHH000489: No JTA platform available (set 'hibernate.transaction.jta.platform' to enable JTA platform integration)
2026-02-25T13:26:06.640+01:00  INFO 8306 --- [backend-electro] [  restartedMain] com.zaxxer.hikari.HikariDataSource       : HikariPool-7 - Starting...
2026-02-25T13:26:11.263+01:00  INFO 8306 --- [backend-electro] [  restartedMain] com.zaxxer.hikari.pool.HikariPool        : HikariPool-7 - Added connection org.postgresql.jdbc.PgConnection@4153c935
2026-02-25T13:26:11.264+01:00  INFO 8306 --- [backend-electro] [  restartedMain] com.zaxxer.hikari.HikariDataSource       : HikariPool-7 - Start completed.
2026-02-25T13:26:12.409+01:00  INFO 8306 --- [backend-electro] [  restartedMain] j.LocalContainerEntityManagerFactoryBean : Initialized JPA EntityManagerFactory for persistence unit 'default'
2026-02-25T13:26:12.798+01:00  WARN 8306 --- [backend-electro] [  restartedMain] ConfigServletWebServerApplicationContext : Exception encountered during context initialization - cancelling refresh attempt: org.springframework.beans.factory.UnsatisfiedDependencyException: Error creating bean with name 'administrateurController' defined in file [/home/delta/DD/Projets 4Gi/electronique/backend-electro/target/classes/com/polytechnique/backend/controller/AdministrateurController.class]: Unsatisfied dependency expressed through constructor parameter 0: No qualifying bean of type 'com.polytechnique.backend.service.AdministrateurService' available: expected at least 1 bean which qualifies as autowire candidate. Dependency annotations: {}
2026-02-25T13:26:12.799+01:00  INFO 8306 --- [backend-electro] [  restartedMain] j.LocalContainerEntityManagerFactoryBean : Closing JPA EntityManagerFactory for persistence unit 'default'
2026-02-25T13:26:12.805+01:00  INFO 8306 --- [backend-electro] [  restartedMain] com.zaxxer.hikari.HikariDataSource       : HikariPool-7 - Shutdown initiated...
2026-02-25T13:26:12.819+01:00  INFO 8306 --- [backend-electro] [  restartedMain] com.zaxxer.hikari.HikariDataSource       : HikariPool-7 - Shutdown completed.
2026-02-25T13:26:12.822+01:00  INFO 8306 --- [backend-electro] [  restartedMain] o.apache.catalina.core.StandardService   : Stopping service [Tomcat]
2026-02-25T13:26:12.869+01:00  INFO 8306 --- [backend-electro] [  restartedMain] .s.b.a.l.ConditionEvaluationReportLogger : 

Error starting ApplicationContext. To display the condition evaluation report re-run your application with 'debug' enabled.
2026-02-25T13:26:12.885+01:00 ERROR 8306 --- [backend-electro] [  restartedMain] o.s.b.d.LoggingFailureAnalysisReporter   : 

***************************
APPLICATION FAILED TO START
***************************

Description:

Parameter 0 of constructor in com.polytechnique.backend.controller.AdministrateurController required a bean of type 'com.polytechnique.backend.service.AdministrateurService' that could not be found.


Action:

Consider defining a bean of type 'com.polytechnique.backend.service.AdministrateurService' in your configuration.


  .   ____          _            __ _ _
 /\\ / ___'_ __ _ _(_)_ __  __ _ \ \ \ \
( ( )\___ | '_ | '_| | '_ \/ _` | \ \ \ \
 \\/  ___)| |_)| | | | | || (_| |  ) ) ) )
  '  |____| .__|_| |_|_| |_\__, | / / / /
 =========|_|==============|___/=/_/_/_/

 :: Spring Boot ::                (v4.0.0)

2026-02-25T13:27:44.825+01:00  INFO 8306 --- [backend-electro] [  restartedMain] c.p.backend.BackendElectroApplication    : Starting BackendElectroApplication using Java 23 with PID 8306 (/home/delta/DD/Projets 4Gi/electronique/backend-electro/target/classes started by delta in /home/delta/DD/Projets 4Gi/electronique/backend-electro)
2026-02-25T13:27:44.825+01:00  INFO 8306 --- [backend-electro] [  restartedMain] c.p.backend.BackendElectroApplication    : No active profile set, falling back to 1 default profile: "default"
2026-02-25T13:27:46.615+01:00  INFO 8306 --- [backend-electro] [  restartedMain] .s.d.r.c.RepositoryConfigurationDelegate : Bootstrapping Spring Data JPA repositories in DEFAULT mode.
2026-02-25T13:27:46.633+01:00  INFO 8306 --- [backend-electro] [  restartedMain] .s.d.r.c.RepositoryConfigurationDelegate : Finished Spring Data repository scanning in 8 ms. Found 0 JPA repository interfaces.
2026-02-25T13:27:47.837+01:00  INFO 8306 --- [backend-electro] [  restartedMain] o.s.boot.tomcat.TomcatWebServer          : Tomcat initialized with port 8080 (http)
2026-02-25T13:27:47.846+01:00  INFO 8306 --- [backend-electro] [  restartedMain] o.apache.catalina.core.StandardService   : Starting service [Tomcat]
2026-02-25T13:27:47.851+01:00  INFO 8306 --- [backend-electro] [  restartedMain] o.apache.catalina.core.StandardEngine    : Starting Servlet engine: [Apache Tomcat/11.0.14]
2026-02-25T13:27:48.115+01:00  INFO 8306 --- [backend-electro] [  restartedMain] b.w.c.s.WebApplicationContextInitializer : Root WebApplicationContext: initialization completed in 3279 ms
2026-02-25T13:27:48.523+01:00  WARN 8306 --- [backend-electro] [  restartedMain] ConfigServletWebServerApplicationContext : Exception encountered during context initialization - cancelling refresh attempt: org.springframework.beans.factory.BeanCreationException: Error creating bean with name 'entityManagerFactory' defined in class path resource [org/springframework/boot/hibernate/autoconfigure/HibernateJpaConfiguration.class]: Failed to initialize dependency 'inMemoryDatabaseShutdownExecutor' of LoadTimeWeaverAware bean 'entityManagerFactory': Error creating bean with name 'inMemoryDatabaseShutdownExecutor' defined in class path resource [org/springframework/boot/devtools/autoconfigure/DevToolsDataSourceAutoConfiguration.class]: Unsatisfied dependency expressed through method 'inMemoryDatabaseShutdownExecutor' parameter 0: Error creating bean with name 'dataSource' defined in class path resource [org/springframework/boot/jdbc/autoconfigure/DataSourceConfiguration$Hikari.class]: Failed to instantiate [com.zaxxer.hikari.HikariDataSource]: Factory method 'dataSource' threw exception with message: Failed to determine a suitable driver class
2026-02-25T13:27:48.524+01:00  INFO 8306 --- [backend-electro] [  restartedMain] o.apache.catalina.core.StandardService   : Stopping service [Tomcat]
2026-02-25T13:27:48.547+01:00  INFO 8306 --- [backend-electro] [  restartedMain] .s.b.a.l.ConditionEvaluationReportLogger : 

Error starting ApplicationContext. To display the condition evaluation report re-run your application with 'debug' enabled.
2026-02-25T13:27:48.570+01:00 ERROR 8306 --- [backend-electro] [  restartedMain] o.s.b.d.LoggingFailureAnalysisReporter   : 

***************************
APPLICATION FAILED TO START
***************************

Description:

Failed to configure a DataSource: 'url' attribute is not specified and no embedded datasource could be configured.

Reason: Failed to determine a suitable driver class


Action:

Consider the following:
	If you want an embedded database (H2, HSQL or Derby), please put it on the classpath.
	If you have database settings to be loaded from a particular profile you may need to activate it (no profiles are currently active).


  .   ____          _            __ _ _
 /\\ / ___'_ __ _ _(_)_ __  __ _ \ \ \ \
( ( )\___ | '_ | '_| | '_ \/ _` | \ \ \ \
 \\/  ___)| |_)| | | | | || (_| |  ) ) ) )
  '  |____| .__|_| |_|_| |_\__, | / / / /
 =========|_|==============|___/=/_/_/_/

 :: Spring Boot ::                (v4.0.0)

2026-02-25T13:28:02.441+01:00  INFO 8306 --- [backend-electro] [  restartedMain] c.p.backend.BackendElectroApplication    : Starting BackendElectroApplication using Java 23 with PID 8306 (/home/delta/DD/Projets 4Gi/electronique/backend-electro/target/classes started by delta in /home/delta/DD/Projets 4Gi/electronique/backend-electro)
2026-02-25T13:28:02.442+01:00  INFO 8306 --- [backend-electro] [  restartedMain] c.p.backend.BackendElectroApplication    : No active profile set, falling back to 1 default profile: "default"
2026-02-25T13:28:04.522+01:00  INFO 8306 --- [backend-electro] [  restartedMain] .s.d.r.c.RepositoryConfigurationDelegate : Bootstrapping Spring Data JPA repositories in DEFAULT mode.
2026-02-25T13:28:04.812+01:00  INFO 8306 --- [backend-electro] [  restartedMain] .s.d.r.c.RepositoryConfigurationDelegate : Finished Spring Data repository scanning in 287 ms. Found 13 JPA repository interfaces.
2026-02-25T13:28:05.431+01:00  INFO 8306 --- [backend-electro] [  restartedMain] o.s.boot.tomcat.TomcatWebServer          : Tomcat initialized with port 8080 (http)
2026-02-25T13:28:05.436+01:00  INFO 8306 --- [backend-electro] [  restartedMain] o.apache.catalina.core.StandardService   : Starting service [Tomcat]
2026-02-25T13:28:05.437+01:00  INFO 8306 --- [backend-electro] [  restartedMain] o.apache.catalina.core.StandardEngine    : Starting Servlet engine: [Apache Tomcat/11.0.14]
2026-02-25T13:28:05.525+01:00  INFO 8306 --- [backend-electro] [  restartedMain] b.w.c.s.WebApplicationContextInitializer : Root WebApplicationContext: initialization completed in 3046 ms
2026-02-25T13:28:05.692+01:00  WARN 8306 --- [backend-electro] [  restartedMain] ConfigServletWebServerApplicationContext : Exception encountered during context initialization - cancelling refresh attempt: org.springframework.beans.factory.BeanCreationException: Error creating bean with name 'entityManagerFactory' defined in class path resource [org/springframework/boot/hibernate/autoconfigure/HibernateJpaConfiguration.class]: Failed to initialize dependency 'inMemoryDatabaseShutdownExecutor' of LoadTimeWeaverAware bean 'entityManagerFactory': Error creating bean with name 'inMemoryDatabaseShutdownExecutor' defined in class path resource [org/springframework/boot/devtools/autoconfigure/DevToolsDataSourceAutoConfiguration.class]: Unsatisfied dependency expressed through method 'inMemoryDatabaseShutdownExecutor' parameter 0: Error creating bean with name 'dataSource' defined in class path resource [org/springframework/boot/jdbc/autoconfigure/DataSourceConfiguration$Hikari.class]: Failed to instantiate [com.zaxxer.hikari.HikariDataSource]: Factory method 'dataSource' threw exception with message: Failed to determine a suitable driver class
2026-02-25T13:28:05.700+01:00  INFO 8306 --- [backend-electro] [  restartedMain] o.apache.catalina.core.StandardService   : Stopping service [Tomcat]
2026-02-25T13:28:05.724+01:00  INFO 8306 --- [backend-electro] [  restartedMain] .s.b.a.l.ConditionEvaluationReportLogger : 

Error starting ApplicationContext. To display the condition evaluation report re-run your application with 'debug' enabled.
2026-02-25T13:28:05.736+01:00 ERROR 8306 --- [backend-electro] [  restartedMain] o.s.b.d.LoggingFailureAnalysisReporter   : 

***************************
APPLICATION FAILED TO START
***************************

Description:

Failed to configure a DataSource: 'url' attribute is not specified and no embedded datasource could be configured.

Reason: Failed to determine a suitable driver class


Action:

Consider the following:
	If you want an embedded database (H2, HSQL or Derby), please put it on the classpath.
	If you have database settings to be loaded from a particular profile you may need to activate it (no profiles are currently active).


  .   ____          _            __ _ _
 /\\ / ___'_ __ _ _(_)_ __  __ _ \ \ \ \
( ( )\___ | '_ | '_| | '_ \/ _` | \ \ \ \
 \\/  ___)| |_)| | | | | || (_| |  ) ) ) )
  '  |____| .__|_| |_|_| |_\__, | / / / /
 =========|_|==============|___/=/_/_/_/

 :: Spring Boot ::                (v4.0.0)

2026-02-25T13:37:01.681+01:00  INFO 8306 --- [backend-electro] [  restartedMain] c.p.backend.BackendElectroApplication    : Starting BackendElectroApplication using Java 23 with PID 8306 (/home/delta/DD/Projets 4Gi/electronique/backend-electro/target/classes started by delta in /home/delta/DD/Projets 4Gi/electronique/backend-electro)
2026-02-25T13:37:01.682+01:00  INFO 8306 --- [backend-electro] [  restartedMain] c.p.backend.BackendElectroApplication    : No active profile set, falling back to 1 default profile: "default"
2026-02-25T13:37:01.720+01:00  WARN 8306 --- [backend-electro] [  restartedMain] ConfigServletWebServerApplicationContext : Exception encountered during context initialization - cancelling refresh attempt: org.springframework.beans.factory.BeanDefinitionStoreException: I/O failure while processing configuration class [com.polytechnique.backend.service.impl.DiagnosticServiceImpl]
2026-02-25T13:37:01.732+01:00 ERROR 8306 --- [backend-electro] [  restartedMain] o.s.boot.SpringApplication               : Application run failed

org.springframework.beans.factory.BeanDefinitionStoreException: I/O failure while processing configuration class [com.polytechnique.backend.service.impl.DiagnosticServiceImpl]
	at org.springframework.context.annotation.ConfigurationClassParser.processConfigurationClass(ConfigurationClassParser.java:288) ~[spring-context-7.0.1.jar:7.0.1]
	at org.springframework.context.annotation.ConfigurationClassParser.parse(ConfigurationClassParser.java:220) ~[spring-context-7.0.1.jar:7.0.1]
	at org.springframework.context.annotation.ConfigurationClassParser.doProcessConfigurationClass(ConfigurationClassParser.java:355) ~[spring-context-7.0.1.jar:7.0.1]
	at org.springframework.context.annotation.ConfigurationClassParser.processConfigurationClass(ConfigurationClassParser.java:283) ~[spring-context-7.0.1.jar:7.0.1]
	at org.springframework.context.annotation.ConfigurationClassParser.parse(ConfigurationClassParser.java:206) ~[spring-context-7.0.1.jar:7.0.1]
	at org.springframework.context.annotation.ConfigurationClassParser.parse(ConfigurationClassParser.java:174) ~[spring-context-7.0.1.jar:7.0.1]
	at org.springframework.context.annotation.ConfigurationClassPostProcessor.processConfigBeanDefinitions(ConfigurationClassPostProcessor.java:442) ~[spring-context-7.0.1.jar:7.0.1]
	at org.springframework.context.annotation.ConfigurationClassPostProcessor.postProcessBeanDefinitionRegistry(ConfigurationClassPostProcessor.java:306) ~[spring-context-7.0.1.jar:7.0.1]
	at org.springframework.context.support.PostProcessorRegistrationDelegate.invokeBeanDefinitionRegistryPostProcessors(PostProcessorRegistrationDelegate.java:349) ~[spring-context-7.0.1.jar:7.0.1]
	at org.springframework.context.support.PostProcessorRegistrationDelegate.invokeBeanFactoryPostProcessors(PostProcessorRegistrationDelegate.java:118) ~[spring-context-7.0.1.jar:7.0.1]
	at org.springframework.context.support.AbstractApplicationContext.invokeBeanFactoryPostProcessors(AbstractApplicationContext.java:784) ~[spring-context-7.0.1.jar:7.0.1]
	at org.springframework.context.support.AbstractApplicationContext.refresh(AbstractApplicationContext.java:602) ~[spring-context-7.0.1.jar:7.0.1]
	at org.springframework.boot.web.server.servlet.context.ServletWebServerApplicationContext.refresh(ServletWebServerApplicationContext.java:143) ~[spring-boot-web-server-4.0.0.jar:4.0.0]
	at org.springframework.boot.SpringApplication.refresh(SpringApplication.java:765) ~[spring-boot-4.0.0.jar:4.0.0]
	at org.springframework.boot.SpringApplication.refreshContext(SpringApplication.java:454) ~[spring-boot-4.0.0.jar:4.0.0]
	at org.springframework.boot.SpringApplication.run(SpringApplication.java:321) ~[spring-boot-4.0.0.jar:4.0.0]
	at org.springframework.boot.SpringApplication.run(SpringApplication.java:1374) ~[spring-boot-4.0.0.jar:4.0.0]
	at org.springframework.boot.SpringApplication.run(SpringApplication.java:1363) ~[spring-boot-4.0.0.jar:4.0.0]
	at com.polytechnique.backend.BackendElectroApplication.main(BackendElectroApplication.java:12) ~[classes/:na]
	at java.base/jdk.internal.reflect.DirectMethodHandleAccessor.invoke(DirectMethodHandleAccessor.java:103) ~[na:na]
	at java.base/java.lang.reflect.Method.invoke(Method.java:580) ~[na:na]
	at org.springframework.boot.devtools.restart.RestartLauncher.run(RestartLauncher.java:52) ~[spring-boot-devtools-4.0.0.jar:4.0.0]
Caused by: java.io.FileNotFoundException: class path resource [com/polytechnique/backend/service/DiagnosticService.class] cannot be opened because it does not exist
	at org.springframework.core.io.ClassPathResource.getInputStream(ClassPathResource.java:212) ~[spring-core-7.0.1.jar:7.0.1]
	at org.springframework.core.type.classreading.SimpleMetadataReader.getClassReader(SimpleMetadataReader.java:54) ~[spring-core-7.0.1.jar:7.0.1]
	at org.springframework.core.type.classreading.SimpleMetadataReader.<init>(SimpleMetadataReader.java:48) ~[spring-core-7.0.1.jar:7.0.1]
	at org.springframework.core.type.classreading.SimpleMetadataReaderFactory.getMetadataReader(SimpleMetadataReaderFactory.java:62) ~[spring-core-7.0.1.jar:7.0.1]
	at org.springframework.core.type.classreading.CachingMetadataReaderFactory.getMetadataReader(CachingMetadataReaderFactory.java:127) ~[spring-core-7.0.1.jar:7.0.1]
	at org.springframework.core.type.classreading.AbstractMetadataReaderFactory.getMetadataReader(AbstractMetadataReaderFactory.java:62) ~[spring-core-7.0.1.jar:7.0.1]
	at org.springframework.core.type.classreading.CachingMetadataReaderFactory.getMetadataReader(CachingMetadataReaderFactory.java:40) ~[spring-core-7.0.1.jar:7.0.1]
	at org.springframework.context.annotation.ConfigurationClassParser.asSourceClass(ConfigurationClassParser.java:728) ~[spring-context-7.0.1.jar:7.0.1]
	at org.springframework.context.annotation.ConfigurationClassParser$SourceClass.getInterfaces(ConfigurationClassParser.java:1074) ~[spring-context-7.0.1.jar:7.0.1]
	at org.springframework.context.annotation.ConfigurationClassParser.collectImports(ConfigurationClassParser.java:566) ~[spring-context-7.0.1.jar:7.0.1]
	at org.springframework.context.annotation.ConfigurationClassParser.getImports(ConfigurationClassParser.java:541) ~[spring-context-7.0.1.jar:7.0.1]
	at org.springframework.context.annotation.ConfigurationClassParser.doProcessConfigurationClass(ConfigurationClassParser.java:362) ~[spring-context-7.0.1.jar:7.0.1]
	at org.springframework.context.annotation.ConfigurationClassParser.processConfigurationClass(ConfigurationClassParser.java:283) ~[spring-context-7.0.1.jar:7.0.1]
	... 21 common frames omitted


  .   ____          _            __ _ _
 /\\ / ___'_ __ _ _(_)_ __  __ _ \ \ \ \
( ( )\___ | '_ | '_| | '_ \/ _` | \ \ \ \
 \\/  ___)| |_)| | | | | || (_| |  ) ) ) )
  '  |____| .__|_| |_|_| |_\__, | / / / /
 =========|_|==============|___/=/_/_/_/

 :: Spring Boot ::                (v4.0.0)

2026-02-25T13:37:16.767+01:00  INFO 8306 --- [backend-electro] [  restartedMain] c.p.backend.BackendElectroApplication    : Starting BackendElectroApplication using Java 23 with PID 8306 (/home/delta/DD/Projets 4Gi/electronique/backend-electro/target/classes started by delta in /home/delta/DD/Projets 4Gi/electronique/backend-electro)
2026-02-25T13:37:16.767+01:00  INFO 8306 --- [backend-electro] [  restartedMain] c.p.backend.BackendElectroApplication    : No active profile set, falling back to 1 default profile: "default"
2026-02-25T13:37:18.062+01:00  INFO 8306 --- [backend-electro] [  restartedMain] .s.d.r.c.RepositoryConfigurationDelegate : Bootstrapping Spring Data JPA repositories in DEFAULT mode.
2026-02-25T13:37:18.156+01:00  INFO 8306 --- [backend-electro] [  restartedMain] .s.d.r.c.RepositoryConfigurationDelegate : Finished Spring Data repository scanning in 90 ms. Found 13 JPA repository interfaces.
2026-02-25T13:37:18.615+01:00  INFO 8306 --- [backend-electro] [  restartedMain] o.s.boot.tomcat.TomcatWebServer          : Tomcat initialized with port 9080 (http)
2026-02-25T13:37:18.624+01:00  INFO 8306 --- [backend-electro] [  restartedMain] o.apache.catalina.core.StandardService   : Starting service [Tomcat]
2026-02-25T13:37:18.624+01:00  INFO 8306 --- [backend-electro] [  restartedMain] o.apache.catalina.core.StandardEngine    : Starting Servlet engine: [Apache Tomcat/11.0.14]
2026-02-25T13:37:18.682+01:00  INFO 8306 --- [backend-electro] [  restartedMain] b.w.c.s.WebApplicationContextInitializer : Root WebApplicationContext: initialization completed in 1912 ms
2026-02-25T13:37:18.759+01:00 DEBUG 8306 --- [backend-electro] [  restartedMain] o.springframework.web.filter.CorsFilter  : Filter 'corsFilter' configured for use
2026-02-25T13:37:18.882+01:00  INFO 8306 --- [backend-electro] [  restartedMain] com.zaxxer.hikari.HikariDataSource       : HikariPool-8 - Starting...
2026-02-25T13:37:18.987+01:00  INFO 8306 --- [backend-electro] [  restartedMain] com.zaxxer.hikari.pool.HikariPool        : HikariPool-8 - Added connection org.postgresql.jdbc.PgConnection@3dda0f94
2026-02-25T13:37:18.988+01:00  INFO 8306 --- [backend-electro] [  restartedMain] com.zaxxer.hikari.HikariDataSource       : HikariPool-8 - Start completed.
2026-02-25T13:37:19.087+01:00  INFO 8306 --- [backend-electro] [  restartedMain] o.hibernate.jpa.internal.util.LogHelper  : HHH000204: Processing PersistenceUnitInfo [name: default]
2026-02-25T13:37:19.254+01:00  INFO 8306 --- [backend-electro] [  restartedMain] o.s.o.j.p.SpringPersistenceUnitInfo      : No LoadTimeWeaver setup: ignoring JPA class transformer
2026-02-25T13:37:19.268+01:00  WARN 8306 --- [backend-electro] [  restartedMain] org.hibernate.orm.deprecation            : HHH90000025: PostgreSQLDialect does not need to be specified explicitly using 'hibernate.dialect' (remove the property setting and it will be selected by default)
2026-02-25T13:37:19.280+01:00  INFO 8306 --- [backend-electro] [  restartedMain] org.hibernate.orm.connections.pooling    : HHH10001005: Database info:
	Database JDBC URL [jdbc:postgresql://localhost:5433/mydb]
	Database driver: PostgreSQL JDBC Driver
	Database dialect: PostgreSQLDialect
	Database version: 16.12
	Default catalog/schema: mydb/public
	Autocommit mode: undefined/unknown
	Isolation level: READ_COMMITTED [default READ_COMMITTED]
	JDBC fetch size: none
	Pool: DatasourceConnectionProviderImpl
	Minimum pool size: undefined/unknown
	Maximum pool size: undefined/unknown
2026-02-25T13:37:20.434+01:00  INFO 8306 --- [backend-electro] [  restartedMain] o.h.e.t.j.p.i.JtaPlatformInitiator       : HHH000489: No JTA platform available (set 'hibernate.transaction.jta.platform' to enable JTA platform integration)
2026-02-25T13:37:20.836+01:00  INFO 8306 --- [backend-electro] [  restartedMain] j.LocalContainerEntityManagerFactoryBean : Initialized JPA EntityManagerFactory for persistence unit 'default'
2026-02-25T13:37:22.790+01:00  WARN 8306 --- [backend-electro] [  restartedMain] JpaBaseConfiguration$JpaWebConfiguration : spring.jpa.open-in-view is enabled by default. Therefore, database queries may be performed during view rendering. Explicitly configure spring.jpa.open-in-view to disable this warning
2026-02-25T13:37:22.950+01:00  WARN 8306 --- [backend-electro] [  restartedMain] .s.a.UserDetailsServiceAutoConfiguration : 

Using generated security password: a5e3ff1f-ce72-4aec-aaa6-cee940e8d6df

This generated password is for development use only. Your security configuration must be updated before running your application in production.

2026-02-25T13:37:22.954+01:00  INFO 8306 --- [backend-electro] [  restartedMain] r$InitializeUserDetailsManagerConfigurer : Global AuthenticationManager configured with UserDetailsService bean with name inMemoryUserDetailsManager
2026-02-25T13:37:23.406+01:00 DEBUG 8306 --- [backend-electro] [  restartedMain] s.w.s.m.m.a.RequestMappingHandlerMapping : 101 mappings in 'requestMappingHandlerMapping'
2026-02-25T13:37:23.435+01:00 DEBUG 8306 --- [backend-electro] [  restartedMain] o.s.w.s.handler.SimpleUrlHandlerMapping  : Patterns [/webjars/**, /**, /swagger-ui*/*swagger-initializer.js, /swagger-ui*/**] in 'resourceHandlerMapping'
2026-02-25T13:37:23.540+01:00 DEBUG 8306 --- [backend-electro] [  restartedMain] s.w.s.m.m.a.RequestMappingHandlerAdapter : ControllerAdvice beans: 0 @ModelAttribute, 0 @InitBinder, 1 RequestBodyAdvice, 1 ResponseBodyAdvice
2026-02-25T13:37:23.577+01:00 DEBUG 8306 --- [backend-electro] [  restartedMain] .m.m.a.ExceptionHandlerExceptionResolver : ControllerAdvice beans: 2 @ExceptionHandler, 1 ResponseBodyAdvice
2026-02-25T13:37:23.838+01:00  WARN 8306 --- [backend-electro] [  restartedMain] ConfigServletWebServerApplicationContext : Exception encountered during context initialization - cancelling refresh attempt: org.springframework.context.ApplicationContextException: Failed to start bean 'webServerStartStop'
2026-02-25T13:37:23.843+01:00  INFO 8306 --- [backend-electro] [  restartedMain] j.LocalContainerEntityManagerFactoryBean : Closing JPA EntityManagerFactory for persistence unit 'default'
2026-02-25T13:37:23.845+01:00  INFO 8306 --- [backend-electro] [  restartedMain] com.zaxxer.hikari.HikariDataSource       : HikariPool-8 - Shutdown initiated...
2026-02-25T13:37:23.875+01:00  INFO 8306 --- [backend-electro] [  restartedMain] com.zaxxer.hikari.HikariDataSource       : HikariPool-8 - Shutdown completed.
2026-02-25T13:37:23.893+01:00  INFO 8306 --- [backend-electro] [  restartedMain] .s.b.a.l.ConditionEvaluationReportLogger : 

Error starting ApplicationContext. To display the condition evaluation report re-run your application with 'debug' enabled.
2026-02-25T13:37:23.896+01:00 ERROR 8306 --- [backend-electro] [  restartedMain] o.s.b.d.LoggingFailureAnalysisReporter   : 

***************************
APPLICATION FAILED TO START
***************************

Description:

Web server failed to start. Port 9080 was already in use.

Action:

Identify and stop the process that's listening on port 9080 or configure this application to listen on another port.


  .   ____          _            __ _ _
 /\\ / ___'_ __ _ _(_)_ __  __ _ \ \ \ \
( ( )\___ | '_ | '_| | '_ \/ _` | \ \ \ \
 \\/  ___)| |_)| | | | | || (_| |  ) ) ) )
  '  |____| .__|_| |_|_| |_\__, | / / / /
 =========|_|==============|___/=/_/_/_/

 :: Spring Boot ::                (v4.0.0)

2026-02-25T13:38:28.352+01:00  INFO 8306 --- [backend-electro] [  restartedMain] c.p.backend.BackendElectroApplication    : Starting BackendElectroApplication using Java 23 with PID 8306 (/home/delta/DD/Projets 4Gi/electronique/backend-electro/target/classes started by delta in /home/delta/DD/Projets 4Gi/electronique/backend-electro)
2026-02-25T13:38:28.352+01:00  INFO 8306 --- [backend-electro] [  restartedMain] c.p.backend.BackendElectroApplication    : No active profile set, falling back to 1 default profile: "default"
2026-02-25T13:38:28.419+01:00  WARN 8306 --- [backend-electro] [  restartedMain] ConfigServletWebServerApplicationContext : Exception encountered during context initialization - cancelling refresh attempt: org.springframework.beans.factory.BeanDefinitionStoreException: I/O failure while processing configuration class [com.polytechnique.backend.service.impl.DiagnosticServiceImpl]
2026-02-25T13:38:28.431+01:00 ERROR 8306 --- [backend-electro] [  restartedMain] o.s.boot.SpringApplication               : Application run failed

org.springframework.beans.factory.BeanDefinitionStoreException: I/O failure while processing configuration class [com.polytechnique.backend.service.impl.DiagnosticServiceImpl]
	at org.springframework.context.annotation.ConfigurationClassParser.processConfigurationClass(ConfigurationClassParser.java:288) ~[spring-context-7.0.1.jar:7.0.1]
	at org.springframework.context.annotation.ConfigurationClassParser.parse(ConfigurationClassParser.java:220) ~[spring-context-7.0.1.jar:7.0.1]
	at org.springframework.context.annotation.ConfigurationClassParser.doProcessConfigurationClass(ConfigurationClassParser.java:355) ~[spring-context-7.0.1.jar:7.0.1]
	at org.springframework.context.annotation.ConfigurationClassParser.processConfigurationClass(ConfigurationClassParser.java:283) ~[spring-context-7.0.1.jar:7.0.1]
	at org.springframework.context.annotation.ConfigurationClassParser.parse(ConfigurationClassParser.java:206) ~[spring-context-7.0.1.jar:7.0.1]
	at org.springframework.context.annotation.ConfigurationClassParser.parse(ConfigurationClassParser.java:174) ~[spring-context-7.0.1.jar:7.0.1]
	at org.springframework.context.annotation.ConfigurationClassPostProcessor.processConfigBeanDefinitions(ConfigurationClassPostProcessor.java:442) ~[spring-context-7.0.1.jar:7.0.1]
	at org.springframework.context.annotation.ConfigurationClassPostProcessor.postProcessBeanDefinitionRegistry(ConfigurationClassPostProcessor.java:306) ~[spring-context-7.0.1.jar:7.0.1]
	at org.springframework.context.support.PostProcessorRegistrationDelegate.invokeBeanDefinitionRegistryPostProcessors(PostProcessorRegistrationDelegate.java:349) ~[spring-context-7.0.1.jar:7.0.1]
	at org.springframework.context.support.PostProcessorRegistrationDelegate.invokeBeanFactoryPostProcessors(PostProcessorRegistrationDelegate.java:118) ~[spring-context-7.0.1.jar:7.0.1]
	at org.springframework.context.support.AbstractApplicationContext.invokeBeanFactoryPostProcessors(AbstractApplicationContext.java:784) ~[spring-context-7.0.1.jar:7.0.1]
	at org.springframework.context.support.AbstractApplicationContext.refresh(AbstractApplicationContext.java:602) ~[spring-context-7.0.1.jar:7.0.1]
	at org.springframework.boot.web.server.servlet.context.ServletWebServerApplicationContext.refresh(ServletWebServerApplicationContext.java:143) ~[spring-boot-web-server-4.0.0.jar:4.0.0]
	at org.springframework.boot.SpringApplication.refresh(SpringApplication.java:765) ~[spring-boot-4.0.0.jar:4.0.0]
	at org.springframework.boot.SpringApplication.refreshContext(SpringApplication.java:454) ~[spring-boot-4.0.0.jar:4.0.0]
	at org.springframework.boot.SpringApplication.run(SpringApplication.java:321) ~[spring-boot-4.0.0.jar:4.0.0]
	at org.springframework.boot.SpringApplication.run(SpringApplication.java:1374) ~[spring-boot-4.0.0.jar:4.0.0]
	at org.springframework.boot.SpringApplication.run(SpringApplication.java:1363) ~[spring-boot-4.0.0.jar:4.0.0]
	at com.polytechnique.backend.BackendElectroApplication.main(BackendElectroApplication.java:12) ~[classes/:na]
	at java.base/jdk.internal.reflect.DirectMethodHandleAccessor.invoke(DirectMethodHandleAccessor.java:103) ~[na:na]
	at java.base/java.lang.reflect.Method.invoke(Method.java:580) ~[na:na]
	at org.springframework.boot.devtools.restart.RestartLauncher.run(RestartLauncher.java:52) ~[spring-boot-devtools-4.0.0.jar:4.0.0]
Caused by: java.io.FileNotFoundException: class path resource [com/polytechnique/backend/service/DiagnosticService.class] cannot be opened because it does not exist
	at org.springframework.core.io.ClassPathResource.getInputStream(ClassPathResource.java:212) ~[spring-core-7.0.1.jar:7.0.1]
	at org.springframework.core.type.classreading.SimpleMetadataReader.getClassReader(SimpleMetadataReader.java:54) ~[spring-core-7.0.1.jar:7.0.1]
	at org.springframework.core.type.classreading.SimpleMetadataReader.<init>(SimpleMetadataReader.java:48) ~[spring-core-7.0.1.jar:7.0.1]
	at org.springframework.core.type.classreading.SimpleMetadataReaderFactory.getMetadataReader(SimpleMetadataReaderFactory.java:62) ~[spring-core-7.0.1.jar:7.0.1]
	at org.springframework.core.type.classreading.CachingMetadataReaderFactory.getMetadataReader(CachingMetadataReaderFactory.java:127) ~[spring-core-7.0.1.jar:7.0.1]
	at org.springframework.core.type.classreading.AbstractMetadataReaderFactory.getMetadataReader(AbstractMetadataReaderFactory.java:62) ~[spring-core-7.0.1.jar:7.0.1]
	at org.springframework.core.type.classreading.CachingMetadataReaderFactory.getMetadataReader(CachingMetadataReaderFactory.java:40) ~[spring-core-7.0.1.jar:7.0.1]
	at org.springframework.context.annotation.ConfigurationClassParser.asSourceClass(ConfigurationClassParser.java:728) ~[spring-context-7.0.1.jar:7.0.1]
	at org.springframework.context.annotation.ConfigurationClassParser$SourceClass.getInterfaces(ConfigurationClassParser.java:1074) ~[spring-context-7.0.1.jar:7.0.1]
	at org.springframework.context.annotation.ConfigurationClassParser.collectImports(ConfigurationClassParser.java:566) ~[spring-context-7.0.1.jar:7.0.1]
	at org.springframework.context.annotation.ConfigurationClassParser.getImports(ConfigurationClassParser.java:541) ~[spring-context-7.0.1.jar:7.0.1]
	at org.springframework.context.annotation.ConfigurationClassParser.doProcessConfigurationClass(ConfigurationClassParser.java:362) ~[spring-context-7.0.1.jar:7.0.1]
	at org.springframework.context.annotation.ConfigurationClassParser.processConfigurationClass(ConfigurationClassParser.java:283) ~[spring-context-7.0.1.jar:7.0.1]
	... 21 common frames omitted


  .   ____          _            __ _ _
 /\\ / ___'_ __ _ _(_)_ __  __ _ \ \ \ \
( ( )\___ | '_ | '_| | '_ \/ _` | \ \ \ \
 \\/  ___)| |_)| | | | | || (_| |  ) ) ) )
  '  |____| .__|_| |_|_| |_\__, | / / / /
 =========|_|==============|___/=/_/_/_/

 :: Spring Boot ::                (v4.0.0)

2026-02-25T13:38:46.231+01:00  INFO 8306 --- [backend-electro] [  restartedMain] c.p.backend.BackendElectroApplication    : Starting BackendElectroApplication using Java 23 with PID 8306 (/home/delta/DD/Projets 4Gi/electronique/backend-electro/target/classes started by delta in /home/delta/DD/Projets 4Gi/electronique/backend-electro)
2026-02-25T13:38:46.232+01:00  INFO 8306 --- [backend-electro] [  restartedMain] c.p.backend.BackendElectroApplication    : No active profile set, falling back to 1 default profile: "default"
2026-02-25T13:38:47.087+01:00  INFO 8306 --- [backend-electro] [  restartedMain] .s.d.r.c.RepositoryConfigurationDelegate : Bootstrapping Spring Data JPA repositories in DEFAULT mode.
2026-02-25T13:38:47.167+01:00  INFO 8306 --- [backend-electro] [  restartedMain] .s.d.r.c.RepositoryConfigurationDelegate : Finished Spring Data repository scanning in 77 ms. Found 13 JPA repository interfaces.
2026-02-25T13:38:47.570+01:00  INFO 8306 --- [backend-electro] [  restartedMain] o.s.boot.tomcat.TomcatWebServer          : Tomcat initialized with port 9080 (http)
2026-02-25T13:38:47.571+01:00  INFO 8306 --- [backend-electro] [  restartedMain] o.apache.catalina.core.StandardService   : Starting service [Tomcat]
2026-02-25T13:38:47.571+01:00  INFO 8306 --- [backend-electro] [  restartedMain] o.apache.catalina.core.StandardEngine    : Starting Servlet engine: [Apache Tomcat/11.0.14]
2026-02-25T13:38:47.615+01:00  INFO 8306 --- [backend-electro] [  restartedMain] b.w.c.s.WebApplicationContextInitializer : Root WebApplicationContext: initialization completed in 1377 ms
2026-02-25T13:38:47.655+01:00 DEBUG 8306 --- [backend-electro] [  restartedMain] o.springframework.web.filter.CorsFilter  : Filter 'corsFilter' configured for use
2026-02-25T13:38:47.707+01:00  INFO 8306 --- [backend-electro] [  restartedMain] com.zaxxer.hikari.HikariDataSource       : HikariPool-9 - Starting...
2026-02-25T13:38:47.763+01:00  INFO 8306 --- [backend-electro] [  restartedMain] com.zaxxer.hikari.pool.HikariPool        : HikariPool-9 - Added connection org.postgresql.jdbc.PgConnection@397d7b2d
2026-02-25T13:38:47.764+01:00  INFO 8306 --- [backend-electro] [  restartedMain] com.zaxxer.hikari.HikariDataSource       : HikariPool-9 - Start completed.
2026-02-25T13:38:47.805+01:00  INFO 8306 --- [backend-electro] [  restartedMain] o.hibernate.jpa.internal.util.LogHelper  : HHH000204: Processing PersistenceUnitInfo [name: default]
2026-02-25T13:38:47.857+01:00  INFO 8306 --- [backend-electro] [  restartedMain] o.s.o.j.p.SpringPersistenceUnitInfo      : No LoadTimeWeaver setup: ignoring JPA class transformer
2026-02-25T13:38:47.865+01:00  WARN 8306 --- [backend-electro] [  restartedMain] org.hibernate.orm.deprecation            : HHH90000025: PostgreSQLDialect does not need to be specified explicitly using 'hibernate.dialect' (remove the property setting and it will be selected by default)
2026-02-25T13:38:47.876+01:00  INFO 8306 --- [backend-electro] [  restartedMain] org.hibernate.orm.connections.pooling    : HHH10001005: Database info:
	Database JDBC URL [jdbc:postgresql://localhost:5433/mydb]
	Database driver: PostgreSQL JDBC Driver
	Database dialect: PostgreSQLDialect
	Database version: 16.12
	Default catalog/schema: mydb/public
	Autocommit mode: undefined/unknown
	Isolation level: READ_COMMITTED [default READ_COMMITTED]
	JDBC fetch size: none
	Pool: DatasourceConnectionProviderImpl
	Minimum pool size: undefined/unknown
	Maximum pool size: undefined/unknown
2026-02-25T13:38:48.431+01:00  INFO 8306 --- [backend-electro] [  restartedMain] o.h.e.t.j.p.i.JtaPlatformInitiator       : HHH000489: No JTA platform available (set 'hibernate.transaction.jta.platform' to enable JTA platform integration)
2026-02-25T13:38:48.736+01:00  INFO 8306 --- [backend-electro] [  restartedMain] j.LocalContainerEntityManagerFactoryBean : Initialized JPA EntityManagerFactory for persistence unit 'default'
2026-02-25T13:38:49.904+01:00  WARN 8306 --- [backend-electro] [  restartedMain] JpaBaseConfiguration$JpaWebConfiguration : spring.jpa.open-in-view is enabled by default. Therefore, database queries may be performed during view rendering. Explicitly configure spring.jpa.open-in-view to disable this warning
2026-02-25T13:38:50.005+01:00  WARN 8306 --- [backend-electro] [  restartedMain] .s.a.UserDetailsServiceAutoConfiguration : 

Using generated security password: 10a9d02d-ff80-40a0-b0a7-7fb254c7c810

This generated password is for development use only. Your security configuration must be updated before running your application in production.

2026-02-25T13:38:50.008+01:00  INFO 8306 --- [backend-electro] [  restartedMain] r$InitializeUserDetailsManagerConfigurer : Global AuthenticationManager configured with UserDetailsService bean with name inMemoryUserDetailsManager
2026-02-25T13:38:50.405+01:00 DEBUG 8306 --- [backend-electro] [  restartedMain] s.w.s.m.m.a.RequestMappingHandlerMapping : 101 mappings in 'requestMappingHandlerMapping'
2026-02-25T13:38:50.433+01:00 DEBUG 8306 --- [backend-electro] [  restartedMain] o.s.w.s.handler.SimpleUrlHandlerMapping  : Patterns [/webjars/**, /**, /swagger-ui*/*swagger-initializer.js, /swagger-ui*/**] in 'resourceHandlerMapping'
2026-02-25T13:38:50.459+01:00 DEBUG 8306 --- [backend-electro] [  restartedMain] s.w.s.m.m.a.RequestMappingHandlerAdapter : ControllerAdvice beans: 0 @ModelAttribute, 0 @InitBinder, 1 RequestBodyAdvice, 1 ResponseBodyAdvice
2026-02-25T13:38:50.486+01:00 DEBUG 8306 --- [backend-electro] [  restartedMain] .m.m.a.ExceptionHandlerExceptionResolver : ControllerAdvice beans: 2 @ExceptionHandler, 1 ResponseBodyAdvice
2026-02-25T13:38:50.797+01:00  INFO 8306 --- [backend-electro] [  restartedMain] o.s.boot.tomcat.TomcatWebServer          : Tomcat started on port 9080 (http) with context path '/api'
2026-02-25T13:38:50.823+01:00  INFO 8306 --- [backend-electro] [  restartedMain] c.p.backend.BackendElectroApplication    : Started BackendElectroApplication in 4.655 seconds (process running for 7728.202)
Hibernate: 
    select
        a1_0.id_admin 
    from
        administrateur a1_0 
    where
        a1_0.email=? 
    fetch
        first ? rows only
Hibernate: 
    select
        um1_0.id,
        um1_0.adr,
        um1_0.age,
        um1_0.application_id,
        um1_0.application_name,
        um1_0.bandwidth,
        um1_0.bpm_moyen,
        um1_0.code_rate,
        um1_0.confirmed_uplink,
        um1_0.data,
        um1_0.ddr,
        um1_0.dev_addr,
        um1_0.dev_eui,
        um1_0.device_name,
        um1_0.device_profile_id,
        um1_0.device_profile_name,
        um1_0.dr,
        um1_0.f_cnt,
        um1_0.f_port,
        um1_0.fcf,
        um1_0.frequency,
        um1_0.glycemie,
        um1_0.id_patient,
        um1_0.modulation,
        um1_0.poids,
        um1_0.polarization_inversion,
        um1_0.processed,
        um1_0.published_at,
        um1_0.spreading_factor,
        um1_0.taille,
        um1_0.temperature,
        um1_0.tension,
        um1_0.tension_dia,
        um1_0.tension_sys,
        um1_0.type 
    from
        uplink_messages um1_0 
    where
        um1_0.processed=false 
    order by
        um1_0.published_at
2026-02-25T13:38:51.075+01:00  INFO 8306 --- [backend-electro] [  restartedMain] c.p.backend.config.DataInitializer       : Super Admin existe déjà.
2026-02-25T13:38:51.080+01:00  INFO 8306 --- [backend-electro] [  restartedMain] .ConditionEvaluationDeltaLoggingListener : Condition evaluation unchanged
Hibernate: 
    select
        p1_0.id_parametres,
        p1_0.age_patient,
        p1_0.created_at,
        p1_0.date_dernieres_regles,
        p1_0.date_mesure,
        p1_0.id_dispositif,
        d1_0.id_dispositif,
        a1_0.id_admin,
        a1_0.created_at,
        a1_0.doit_changer_mot_de_passe,
        a1_0.email,
        a1_0.genre,
        a1_0.mot_de_passe,
        a1_0.nom,
        a1_0.numero_cni,
        a1_0.patient_lock_timeout,
        a1_0.role,
        a1_0.statut,
        a1_0.tel,
        a1_0.tel2,
        a1_0.updated_at,
        d1_0.appeui,
        d1_0.appkey,
        d1_0.contact,
        d1_0.created_at,
        d1_0.date_installation,
        d1_0.deveui,
        d1_0.id_infirmier_local,
        d1_0.localisation,
        d1_0.nom_centre_de_sante,
        d1_0.statut,
        d1_0.updated_at,
        p1_0.frequence_cardiaque_mere,
        p1_0.frequence_foetale,
        p1_0.glycemie,
        p1_0.identifiant_patient,
        p1_0.poids_patient,
        p1_0.pression_arterielle_diastolique,
        p1_0.pression_arterielle_systolique,
        p1_0.saturation_oxygene,
        p1_0.statut,
        p1_0.taille_patient,
        p1_0.temperature,
        p1_0.verrouille_at,
        p1_0.verrouille_par_medecin_id 
    from
        parametres p1_0 
    join
        dispositif d1_0 
            on d1_0.id_dispositif=p1_0.id_dispositif 
    left join
        administrateur a1_0 
            on a1_0.id_admin=d1_0.id_administrateur 
    where
        p1_0.verrouille_par_medecin_id is not null
Hibernate: 
    select
        um1_0.id,
        um1_0.adr,
        um1_0.age,
        um1_0.application_id,
        um1_0.application_name,
        um1_0.bandwidth,
        um1_0.bpm_moyen,
        um1_0.code_rate,
        um1_0.confirmed_uplink,
        um1_0.data,
        um1_0.ddr,
        um1_0.dev_addr,
        um1_0.dev_eui,
        um1_0.device_name,
        um1_0.device_profile_id,
        um1_0.device_profile_name,
        um1_0.dr,
        um1_0.f_cnt,
        um1_0.f_port,
        um1_0.fcf,
        um1_0.frequency,
        um1_0.glycemie,
        um1_0.id_patient,
        um1_0.modulation,
        um1_0.poids,
        um1_0.polarization_inversion,
        um1_0.processed,
        um1_0.published_at,
        um1_0.spreading_factor,
        um1_0.taille,
        um1_0.temperature,
        um1_0.tension,
        um1_0.tension_dia,
        um1_0.tension_sys,
        um1_0.type 
    from
        uplink_messages um1_0 
    where
        um1_0.processed=false 
    order by
        um1_0.published_at
Hibernate: 
    select
        um1_0.id,
        um1_0.adr,
        um1_0.age,
        um1_0.application_id,
        um1_0.application_name,
        um1_0.bandwidth,
        um1_0.bpm_moyen,
        um1_0.code_rate,
        um1_0.confirmed_uplink,
        um1_0.data,
        um1_0.ddr,
        um1_0.dev_addr,
        um1_0.dev_eui,
        um1_0.device_name,
        um1_0.device_profile_id,
        um1_0.device_profile_name,
        um1_0.dr,
        um1_0.f_cnt,
        um1_0.f_port,
        um1_0.fcf,
        um1_0.frequency,
        um1_0.glycemie,
        um1_0.id_patient,
        um1_0.modulation,
        um1_0.poids,
        um1_0.polarization_inversion,
        um1_0.processed,
        um1_0.published_at,
        um1_0.spreading_factor,
        um1_0.taille,
        um1_0.temperature,
        um1_0.tension,
        um1_0.tension_dia,
        um1_0.tension_sys,
        um1_0.type 
    from
        uplink_messages um1_0 
    where
        um1_0.processed=false 
    order by
        um1_0.published_at
Hibernate: 
    select
        um1_0.id,
        um1_0.adr,
        um1_0.age,
        um1_0.application_id,
        um1_0.application_name,
        um1_0.bandwidth,
        um1_0.bpm_moyen,
        um1_0.code_rate,
        um1_0.confirmed_uplink,
        um1_0.data,
        um1_0.ddr,
        um1_0.dev_addr,
        um1_0.dev_eui,
        um1_0.device_name,
        um1_0.device_profile_id,
        um1_0.device_profile_name,
        um1_0.dr,
        um1_0.f_cnt,
        um1_0.f_port,
        um1_0.fcf,
        um1_0.frequency,
        um1_0.glycemie,
        um1_0.id_patient,
        um1_0.modulation,
        um1_0.poids,
        um1_0.polarization_inversion,
        um1_0.processed,
        um1_0.published_at,
        um1_0.spreading_factor,
        um1_0.taille,
        um1_0.temperature,
        um1_0.tension,
        um1_0.tension_dia,
        um1_0.tension_sys,
        um1_0.type 
    from
        uplink_messages um1_0 
    where
        um1_0.processed=false 
    order by
        um1_0.published_at
Hibernate: 
    select
        um1_0.id,
        um1_0.adr,
        um1_0.age,
        um1_0.application_id,
        um1_0.application_name,
        um1_0.bandwidth,
        um1_0.bpm_moyen,
        um1_0.code_rate,
        um1_0.confirmed_uplink,
        um1_0.data,
        um1_0.ddr,
        um1_0.dev_addr,
        um1_0.dev_eui,
        um1_0.device_name,
        um1_0.device_profile_id,
        um1_0.device_profile_name,
        um1_0.dr,
        um1_0.f_cnt,
        um1_0.f_port,
        um1_0.fcf,
        um1_0.frequency,
        um1_0.glycemie,
        um1_0.id_patient,
        um1_0.modulation,
        um1_0.poids,
        um1_0.polarization_inversion,
        um1_0.processed,
        um1_0.published_at,
        um1_0.spreading_factor,
        um1_0.taille,
        um1_0.temperature,
        um1_0.tension,
        um1_0.tension_dia,
        um1_0.tension_sys,
        um1_0.type 
    from
        uplink_messages um1_0 
    where
        um1_0.processed=false 
    order by
        um1_0.published_at
Hibernate: 
    select
        um1_0.id,
        um1_0.adr,
        um1_0.age,
        um1_0.application_id,
        um1_0.application_name,
        um1_0.bandwidth,
        um1_0.bpm_moyen,
        um1_0.code_rate,
        um1_0.confirmed_uplink,
        um1_0.data,
        um1_0.ddr,
        um1_0.dev_addr,
        um1_0.dev_eui,
        um1_0.device_name,
        um1_0.device_profile_id,
        um1_0.device_profile_name,
        um1_0.dr,
        um1_0.f_cnt,
        um1_0.f_port,
        um1_0.fcf,
        um1_0.frequency,
        um1_0.glycemie,
        um1_0.id_patient,
        um1_0.modulation,
        um1_0.poids,
        um1_0.polarization_inversion,
        um1_0.processed,
        um1_0.published_at,
        um1_0.spreading_factor,
        um1_0.taille,
        um1_0.temperature,
        um1_0.tension,
        um1_0.tension_dia,
        um1_0.tension_sys,
        um1_0.type 
    from
        uplink_messages um1_0 
    where
        um1_0.processed=false 
    order by
        um1_0.published_at
2026-02-25T13:39:18.431+01:00  INFO 8306 --- [backend-electro] [nio-9080-exec-1] o.a.c.c.C.[Tomcat-6].[localhost].[/api]  : Initializing Spring DispatcherServlet 'dispatcherServlet'
2026-02-25T13:39:18.432+01:00  INFO 8306 --- [backend-electro] [nio-9080-exec-1] o.s.web.servlet.DispatcherServlet        : Initializing Servlet 'dispatcherServlet'
2026-02-25T13:39:18.432+01:00 DEBUG 8306 --- [backend-electro] [nio-9080-exec-1] o.s.web.servlet.DispatcherServlet        : Detected StandardServletMultipartResolver
2026-02-25T13:39:18.433+01:00 DEBUG 8306 --- [backend-electro] [nio-9080-exec-1] o.s.web.servlet.DispatcherServlet        : Detected AcceptHeaderLocaleResolver
2026-02-25T13:39:18.436+01:00 DEBUG 8306 --- [backend-electro] [nio-9080-exec-1] o.s.web.servlet.DispatcherServlet        : Detected org.springframework.web.servlet.view.DefaultRequestToViewNameTranslator@6cdafba6
2026-02-25T13:39:18.437+01:00 DEBUG 8306 --- [backend-electro] [nio-9080-exec-1] o.s.web.servlet.DispatcherServlet        : Detected org.springframework.web.servlet.support.SessionFlashMapManager@e994b2f
2026-02-25T13:39:18.437+01:00 DEBUG 8306 --- [backend-electro] [nio-9080-exec-1] o.s.web.servlet.DispatcherServlet        : enableLoggingRequestDetails='false': request parameters and headers will be masked to prevent unsafe logging of potentially sensitive data
2026-02-25T13:39:18.437+01:00  INFO 8306 --- [backend-electro] [nio-9080-exec-1] o.s.web.servlet.DispatcherServlet        : Completed initialization in 5 ms
2026-02-25T13:39:18.440+01:00 DEBUG 8306 --- [backend-electro] [nio-9080-exec-1] o.s.web.servlet.DispatcherServlet        : GET "/api/auth/login", parameters={}
2026-02-25T13:39:18.444+01:00 DEBUG 8306 --- [backend-electro] [nio-9080-exec-1] .m.m.a.ExceptionHandlerExceptionResolver : Using @ExceptionHandler com.polytechnique.backend.exception.GlobalExceptionHandler#handleGenericException(Exception, HttpServletRequest)
2026-02-25T13:39:18.454+01:00 DEBUG 8306 --- [backend-electro] [nio-9080-exec-1] o.s.w.s.m.m.a.HttpEntityMethodProcessor  : Using 'application/json', given [*/*] and supported [application/json, application/*+json, application/yaml]
2026-02-25T13:39:18.469+01:00 DEBUG 8306 --- [backend-electro] [nio-9080-exec-1] o.s.w.s.m.m.a.HttpEntityMethodProcessor  : Writing [ErrorResponse(timestamp=2026-02-25T13:39:18.446316820, status=500, error=Internal Server Error, mess (truncated)...]
2026-02-25T13:39:18.489+01:00  WARN 8306 --- [backend-electro] [nio-9080-exec-1] .m.m.a.ExceptionHandlerExceptionResolver : Resolved [org.springframework.web.HttpRequestMethodNotSupportedException: Request method 'GET' is not supported]
2026-02-25T13:39:18.490+01:00 DEBUG 8306 --- [backend-electro] [nio-9080-exec-1] o.s.web.servlet.DispatcherServlet        : Completed 500 INTERNAL_SERVER_ERROR
Hibernate: 
    select
        um1_0.id,
        um1_0.adr,
        um1_0.age,
        um1_0.application_id,
        um1_0.application_name,
        um1_0.bandwidth,
        um1_0.bpm_moyen,
        um1_0.code_rate,
        um1_0.confirmed_uplink,
        um1_0.data,
        um1_0.ddr,
        um1_0.dev_addr,
        um1_0.dev_eui,
        um1_0.device_name,
        um1_0.device_profile_id,
        um1_0.device_profile_name,
        um1_0.dr,
        um1_0.f_cnt,
        um1_0.f_port,
        um1_0.fcf,
        um1_0.frequency,
        um1_0.glycemie,
        um1_0.id_patient,
        um1_0.modulation,
        um1_0.poids,
        um1_0.polarization_inversion,
        um1_0.processed,
        um1_0.published_at,
        um1_0.spreading_factor,
        um1_0.taille,
        um1_0.temperature,
        um1_0.tension,
        um1_0.tension_dia,
        um1_0.tension_sys,
        um1_0.type 
    from
        uplink_messages um1_0 
    where
        um1_0.processed=false 
    order by
        um1_0.published_at
Hibernate: 
    select
        p1_0.id_parametres,
        p1_0.age_patient,
        p1_0.created_at,
        p1_0.date_dernieres_regles,
        p1_0.date_mesure,
        p1_0.id_dispositif,
        d1_0.id_dispositif,
        a1_0.id_admin,
        a1_0.created_at,
        a1_0.doit_changer_mot_de_passe,
        a1_0.email,
        a1_0.genre,
        a1_0.mot_de_passe,
        a1_0.nom,
        a1_0.numero_cni,
        a1_0.patient_lock_timeout,
        a1_0.role,
        a1_0.statut,
        a1_0.tel,
        a1_0.tel2,
        a1_0.updated_at,
        d1_0.appeui,
        d1_0.appkey,
        d1_0.contact,
        d1_0.created_at,
        d1_0.date_installation,
        d1_0.deveui,
        d1_0.id_infirmier_local,
        d1_0.localisation,
        d1_0.nom_centre_de_sante,
        d1_0.statut,
        d1_0.updated_at,
        p1_0.frequence_cardiaque_mere,
        p1_0.frequence_foetale,
        p1_0.glycemie,
        p1_0.identifiant_patient,
        p1_0.poids_patient,
        p1_0.pression_arterielle_diastolique,
        p1_0.pression_arterielle_systolique,
        p1_0.saturation_oxygene,
        p1_0.statut,
        p1_0.taille_patient,
        p1_0.temperature,
        p1_0.verrouille_at,
        p1_0.verrouille_par_medecin_id 
    from
        parametres p1_0 
    join
        dispositif d1_0 
            on d1_0.id_dispositif=p1_0.id_dispositif 
    left join
        administrateur a1_0 
            on a1_0.id_admin=d1_0.id_administrateur 
    where
        p1_0.verrouille_par_medecin_id is not null
Hibernate: 
    select
        um1_0.id,
        um1_0.adr,
        um1_0.age,
        um1_0.application_id,
        um1_0.application_name,
        um1_0.bandwidth,
        um1_0.bpm_moyen,
        um1_0.code_rate,
        um1_0.confirmed_uplink,
        um1_0.data,
        um1_0.ddr,
        um1_0.dev_addr,
        um1_0.dev_eui,
        um1_0.device_name,
        um1_0.device_profile_id,
        um1_0.device_profile_name,
        um1_0.dr,
        um1_0.f_cnt,
        um1_0.f_port,
        um1_0.fcf,
        um1_0.frequency,
        um1_0.glycemie,
        um1_0.id_patient,
        um1_0.modulation,
        um1_0.poids,
        um1_0.polarization_inversion,
        um1_0.processed,
        um1_0.published_at,
        um1_0.spreading_factor,
        um1_0.taille,
        um1_0.temperature,
        um1_0.tension,
        um1_0.tension_dia,
        um1_0.tension_sys,
        um1_0.type 
    from
        uplink_messages um1_0 
    where
        um1_0.processed=false 
    order by
        um1_0.published_at
Hibernate: 
    select
        um1_0.id,
        um1_0.adr,
        um1_0.age,
        um1_0.application_id,
        um1_0.application_name,
        um1_0.bandwidth,
        um1_0.bpm_moyen,
        um1_0.code_rate,
        um1_0.confirmed_uplink,
        um1_0.data,
        um1_0.ddr,
        um1_0.dev_addr,
        um1_0.dev_eui,
        um1_0.device_name,
        um1_0.device_profile_id,
        um1_0.device_profile_name,
        um1_0.dr,
        um1_0.f_cnt,
        um1_0.f_port,
        um1_0.fcf,
        um1_0.frequency,
        um1_0.glycemie,
        um1_0.id_patient,
        um1_0.modulation,
        um1_0.poids,
        um1_0.polarization_inversion,
        um1_0.processed,
        um1_0.published_at,
        um1_0.spreading_factor,
        um1_0.taille,
        um1_0.temperature,
        um1_0.tension,
        um1_0.tension_dia,
        um1_0.tension_sys,
        um1_0.type 
    from
        uplink_messages um1_0 
    where
        um1_0.processed=false 
    order by
        um1_0.published_at
Hibernate: 
    select
        um1_0.id,
        um1_0.adr,
        um1_0.age,
        um1_0.application_id,
        um1_0.application_name,
        um1_0.bandwidth,
        um1_0.bpm_moyen,
        um1_0.code_rate,
        um1_0.confirmed_uplink,
        um1_0.data,
        um1_0.ddr,
        um1_0.dev_addr,
        um1_0.dev_eui,
        um1_0.device_name,
        um1_0.device_profile_id,
        um1_0.device_profile_name,
        um1_0.dr,
        um1_0.f_cnt,
        um1_0.f_port,
        um1_0.fcf,
        um1_0.frequency,
        um1_0.glycemie,
        um1_0.id_patient,
        um1_0.modulation,
        um1_0.poids,
        um1_0.polarization_inversion,
        um1_0.processed,
        um1_0.published_at,
        um1_0.spreading_factor,
        um1_0.taille,
        um1_0.temperature,
        um1_0.tension,
        um1_0.tension_dia,
        um1_0.tension_sys,
        um1_0.type 
    from
        uplink_messages um1_0 
    where
        um1_0.processed=false 
    order by
        um1_0.published_at
Hibernate: 
    select
        um1_0.id,
        um1_0.adr,
        um1_0.age,
        um1_0.application_id,
        um1_0.application_name,
        um1_0.bandwidth,
        um1_0.bpm_moyen,
        um1_0.code_rate,
        um1_0.confirmed_uplink,
        um1_0.data,
        um1_0.ddr,
        um1_0.dev_addr,
        um1_0.dev_eui,
        um1_0.device_name,
        um1_0.device_profile_id,
        um1_0.device_profile_name,
        um1_0.dr,
        um1_0.f_cnt,
        um1_0.f_port,
        um1_0.fcf,
        um1_0.frequency,
        um1_0.glycemie,
        um1_0.id_patient,
        um1_0.modulation,
        um1_0.poids,
        um1_0.polarization_inversion,
        um1_0.processed,
        um1_0.published_at,
        um1_0.spreading_factor,
        um1_0.taille,
        um1_0.temperature,
        um1_0.tension,
        um1_0.tension_dia,
        um1_0.tension_sys,
        um1_0.type 
    from
        uplink_messages um1_0 
    where
        um1_0.processed=false 
    order by
        um1_0.published_at
Hibernate: 
    select
        um1_0.id,
        um1_0.adr,
        um1_0.age,
        um1_0.application_id,
        um1_0.application_name,
        um1_0.bandwidth,
        um1_0.bpm_moyen,
        um1_0.code_rate,
        um1_0.confirmed_uplink,
        um1_0.data,
        um1_0.ddr,
        um1_0.dev_addr,
        um1_0.dev_eui,
        um1_0.device_name,
        um1_0.device_profile_id,
        um1_0.device_profile_name,
        um1_0.dr,
        um1_0.f_cnt,
        um1_0.f_port,
        um1_0.fcf,
        um1_0.frequency,
        um1_0.glycemie,
        um1_0.id_patient,
        um1_0.modulation,
        um1_0.poids,
        um1_0.polarization_inversion,
        um1_0.processed,
        um1_0.published_at,
        um1_0.spreading_factor,
        um1_0.taille,
        um1_0.temperature,
        um1_0.tension,
        um1_0.tension_dia,
        um1_0.tension_sys,
        um1_0.type 
    from
        uplink_messages um1_0 
    where
        um1_0.processed=false 
    order by
        um1_0.published_at
Hibernate: 
    select
        p1_0.id_parametres,
        p1_0.age_patient,
        p1_0.created_at,
        p1_0.date_dernieres_regles,
        p1_0.date_mesure,
        p1_0.id_dispositif,
        d1_0.id_dispositif,
        a1_0.id_admin,
        a1_0.created_at,
        a1_0.doit_changer_mot_de_passe,
        a1_0.email,
        a1_0.genre,
        a1_0.mot_de_passe,
        a1_0.nom,
        a1_0.numero_cni,
        a1_0.patient_lock_timeout,
        a1_0.role,
        a1_0.statut,
        a1_0.tel,
        a1_0.tel2,
        a1_0.updated_at,
        d1_0.appeui,
        d1_0.appkey,
        d1_0.contact,
        d1_0.created_at,
        d1_0.date_installation,
        d1_0.deveui,
        d1_0.id_infirmier_local,
        d1_0.localisation,
        d1_0.nom_centre_de_sante,
        d1_0.statut,
        d1_0.updated_at,
        p1_0.frequence_cardiaque_mere,
        p1_0.frequence_foetale,
        p1_0.glycemie,
        p1_0.identifiant_patient,
        p1_0.poids_patient,
        p1_0.pression_arterielle_diastolique,
        p1_0.pression_arterielle_systolique,
        p1_0.saturation_oxygene,
        p1_0.statut,
        p1_0.taille_patient,
        p1_0.temperature,
        p1_0.verrouille_at,
        p1_0.verrouille_par_medecin_id 
    from
        parametres p1_0 
    join
        dispositif d1_0 
            on d1_0.id_dispositif=p1_0.id_dispositif 
    left join
        administrateur a1_0 
            on a1_0.id_admin=d1_0.id_administrateur 
    where
        p1_0.verrouille_par_medecin_id is not null
Hibernate: 
    select
        um1_0.id,
        um1_0.adr,
        um1_0.age,
        um1_0.application_id,
        um1_0.application_name,
        um1_0.bandwidth,
        um1_0.bpm_moyen,
        um1_0.code_rate,
        um1_0.confirmed_uplink,
        um1_0.data,
        um1_0.ddr,
        um1_0.dev_addr,
        um1_0.dev_eui,
        um1_0.device_name,
        um1_0.device_profile_id,
        um1_0.device_profile_name,
        um1_0.dr,
        um1_0.f_cnt,
        um1_0.f_port,
        um1_0.fcf,
        um1_0.frequency,
        um1_0.glycemie,
        um1_0.id_patient,
        um1_0.modulation,
        um1_0.poids,
        um1_0.polarization_inversion,
        um1_0.processed,
        um1_0.published_at,
        um1_0.spreading_factor,
        um1_0.taille,
        um1_0.temperature,
        um1_0.tension,
        um1_0.tension_dia,
        um1_0.tension_sys,
        um1_0.type 
    from
        uplink_messages um1_0 
    where
        um1_0.processed=false 
    order by
        um1_0.published_at
Hibernate: 
    select
        um1_0.id,
        um1_0.adr,
        um1_0.age,
        um1_0.application_id,
        um1_0.application_name,
        um1_0.bandwidth,
        um1_0.bpm_moyen,
        um1_0.code_rate,
        um1_0.confirmed_uplink,
        um1_0.data,
        um1_0.ddr,
        um1_0.dev_addr,
        um1_0.dev_eui,
        um1_0.device_name,
        um1_0.device_profile_id,
        um1_0.device_profile_name,
        um1_0.dr,
        um1_0.f_cnt,
        um1_0.f_port,
        um1_0.fcf,
        um1_0.frequency,
        um1_0.glycemie,
        um1_0.id_patient,
        um1_0.modulation,
        um1_0.poids,
        um1_0.polarization_inversion,
        um1_0.processed,
        um1_0.published_at,
        um1_0.spreading_factor,
        um1_0.taille,
        um1_0.temperature,
        um1_0.tension,
        um1_0.tension_dia,
        um1_0.tension_sys,
        um1_0.type 
    from
        uplink_messages um1_0 
    where
        um1_0.processed=false 
    order by
        um1_0.published_at
Hibernate: 
    select
        um1_0.id,
        um1_0.adr,
        um1_0.age,
        um1_0.application_id,
        um1_0.application_name,
        um1_0.bandwidth,
        um1_0.bpm_moyen,
        um1_0.code_rate,
        um1_0.confirmed_uplink,
        um1_0.data,
        um1_0.ddr,
        um1_0.dev_addr,
        um1_0.dev_eui,
        um1_0.device_name,
        um1_0.device_profile_id,
        um1_0.device_profile_name,
        um1_0.dr,
        um1_0.f_cnt,
        um1_0.f_port,
        um1_0.fcf,
        um1_0.frequency,
        um1_0.glycemie,
        um1_0.id_patient,
        um1_0.modulation,
        um1_0.poids,
        um1_0.polarization_inversion,
        um1_0.processed,
        um1_0.published_at,
        um1_0.spreading_factor,
        um1_0.taille,
        um1_0.temperature,
        um1_0.tension,
        um1_0.tension_dia,
        um1_0.tension_sys,
        um1_0.type 
    from
        uplink_messages um1_0 
    where
        um1_0.processed=false 
    order by
        um1_0.published_at
Hibernate: 
    select
        um1_0.id,
        um1_0.adr,
        um1_0.age,
        um1_0.application_id,
        um1_0.application_name,
        um1_0.bandwidth,
        um1_0.bpm_moyen,
        um1_0.code_rate,
        um1_0.confirmed_uplink,
        um1_0.data,
        um1_0.ddr,
        um1_0.dev_addr,
        um1_0.dev_eui,
        um1_0.device_name,
        um1_0.device_profile_id,
        um1_0.device_profile_name,
        um1_0.dr,
        um1_0.f_cnt,
        um1_0.f_port,
        um1_0.fcf,
        um1_0.frequency,
        um1_0.glycemie,
        um1_0.id_patient,
        um1_0.modulation,
        um1_0.poids,
        um1_0.polarization_inversion,
        um1_0.processed,
        um1_0.published_at,
        um1_0.spreading_factor,
        um1_0.taille,
        um1_0.temperature,
        um1_0.tension,
        um1_0.tension_dia,
        um1_0.tension_sys,
        um1_0.type 
    from
        uplink_messages um1_0 
    where
        um1_0.processed=false 
    order by
        um1_0.published_at
Hibernate: 
    select
        um1_0.id,
        um1_0.adr,
        um1_0.age,
        um1_0.application_id,
        um1_0.application_name,
        um1_0.bandwidth,
        um1_0.bpm_moyen,
        um1_0.code_rate,
        um1_0.confirmed_uplink,
        um1_0.data,
        um1_0.ddr,
        um1_0.dev_addr,
        um1_0.dev_eui,
        um1_0.device_name,
        um1_0.device_profile_id,
        um1_0.device_profile_name,
        um1_0.dr,
        um1_0.f_cnt,
        um1_0.f_port,
        um1_0.fcf,
        um1_0.frequency,
        um1_0.glycemie,
        um1_0.id_patient,
        um1_0.modulation,
        um1_0.poids,
        um1_0.polarization_inversion,
        um1_0.processed,
        um1_0.published_at,
        um1_0.spreading_factor,
        um1_0.taille,
        um1_0.temperature,
        um1_0.tension,
        um1_0.tension_dia,
        um1_0.tension_sys,
        um1_0.type 
    from
        uplink_messages um1_0 
    where
        um1_0.processed=false 
    order by
        um1_0.published_at
Hibernate: 
    select
        um1_0.id,
        um1_0.adr,
        um1_0.age,
        um1_0.application_id,
        um1_0.application_name,
        um1_0.bandwidth,
        um1_0.bpm_moyen,
        um1_0.code_rate,
        um1_0.confirmed_uplink,
        um1_0.data,
        um1_0.ddr,
        um1_0.dev_addr,
        um1_0.dev_eui,
        um1_0.device_name,
        um1_0.device_profile_id,
        um1_0.device_profile_name,
        um1_0.dr,
        um1_0.f_cnt,
        um1_0.f_port,
        um1_0.fcf,
        um1_0.frequency,
        um1_0.glycemie,
        um1_0.id_patient,
        um1_0.modulation,
        um1_0.poids,
        um1_0.polarization_inversion,
        um1_0.processed,
        um1_0.published_at,
        um1_0.spreading_factor,
        um1_0.taille,
        um1_0.temperature,
        um1_0.tension,
        um1_0.tension_dia,
        um1_0.tension_sys,
        um1_0.type 
    from
        uplink_messages um1_0 
    where
        um1_0.processed=false 
    order by
        um1_0.published_at
Hibernate: 
    select
        p1_0.id_parametres,
        p1_0.age_patient,
        p1_0.created_at,
        p1_0.date_dernieres_regles,
        p1_0.date_mesure,
        p1_0.id_dispositif,
        d1_0.id_dispositif,
        a1_0.id_admin,
        a1_0.created_at,
        a1_0.doit_changer_mot_de_passe,
        a1_0.email,
        a1_0.genre,
        a1_0.mot_de_passe,
        a1_0.nom,
        a1_0.numero_cni,
        a1_0.patient_lock_timeout,
        a1_0.role,
        a1_0.statut,
        a1_0.tel,
        a1_0.tel2,
        a1_0.updated_at,
        d1_0.appeui,
        d1_0.appkey,
        d1_0.contact,
        d1_0.created_at,
        d1_0.date_installation,
        d1_0.deveui,
        d1_0.id_infirmier_local,
        d1_0.localisation,
        d1_0.nom_centre_de_sante,
        d1_0.statut,
        d1_0.updated_at,
        p1_0.frequence_cardiaque_mere,
        p1_0.frequence_foetale,
        p1_0.glycemie,
        p1_0.identifiant_patient,
        p1_0.poids_patient,
        p1_0.pression_arterielle_diastolique,
        p1_0.pression_arterielle_systolique,
        p1_0.saturation_oxygene,
        p1_0.statut,
        p1_0.taille_patient,
        p1_0.temperature,
        p1_0.verrouille_at,
        p1_0.verrouille_par_medecin_id 
    from
        parametres p1_0 
    join
        dispositif d1_0 
            on d1_0.id_dispositif=p1_0.id_dispositif 
    left join
        administrateur a1_0 
            on a1_0.id_admin=d1_0.id_administrateur 
    where
        p1_0.verrouille_par_medecin_id is not null
Hibernate: 
    select
        um1_0.id,
        um1_0.adr,
        um1_0.age,
        um1_0.application_id,
        um1_0.application_name,
        um1_0.bandwidth,
        um1_0.bpm_moyen,
        um1_0.code_rate,
        um1_0.confirmed_uplink,
        um1_0.data,
        um1_0.ddr,
        um1_0.dev_addr,
        um1_0.dev_eui,
        um1_0.device_name,
        um1_0.device_profile_id,
        um1_0.device_profile_name,
        um1_0.dr,
        um1_0.f_cnt,
        um1_0.f_port,
        um1_0.fcf,
        um1_0.frequency,
        um1_0.glycemie,
        um1_0.id_patient,
        um1_0.modulation,
        um1_0.poids,
        um1_0.polarization_inversion,
        um1_0.processed,
        um1_0.published_at,
        um1_0.spreading_factor,
        um1_0.taille,
        um1_0.temperature,
        um1_0.tension,
        um1_0.tension_dia,
        um1_0.tension_sys,
        um1_0.type 
    from
        uplink_messages um1_0 
    where
        um1_0.processed=false 
    order by
        um1_0.published_at
Hibernate: 
    select
        um1_0.id,
        um1_0.adr,
        um1_0.age,
        um1_0.application_id,
        um1_0.application_name,
        um1_0.bandwidth,
        um1_0.bpm_moyen,
        um1_0.code_rate,
        um1_0.confirmed_uplink,
        um1_0.data,
        um1_0.ddr,
        um1_0.dev_addr,
        um1_0.dev_eui,
        um1_0.device_name,
        um1_0.device_profile_id,
        um1_0.device_profile_name,
        um1_0.dr,
        um1_0.f_cnt,
        um1_0.f_port,
        um1_0.fcf,
        um1_0.frequency,
        um1_0.glycemie,
        um1_0.id_patient,
        um1_0.modulation,
        um1_0.poids,
        um1_0.polarization_inversion,
        um1_0.processed,
        um1_0.published_at,
        um1_0.spreading_factor,
        um1_0.taille,
        um1_0.temperature,
        um1_0.tension,
        um1_0.tension_dia,
        um1_0.tension_sys,
        um1_0.type 
    from
        uplink_messages um1_0 
    where
        um1_0.processed=false 
    order by
        um1_0.published_at
Hibernate: 
    select
        um1_0.id,
        um1_0.adr,
        um1_0.age,
        um1_0.application_id,
        um1_0.application_name,
        um1_0.bandwidth,
        um1_0.bpm_moyen,
        um1_0.code_rate,
        um1_0.confirmed_uplink,
        um1_0.data,
        um1_0.ddr,
        um1_0.dev_addr,
        um1_0.dev_eui,
        um1_0.device_name,
        um1_0.device_profile_id,
        um1_0.device_profile_name,
        um1_0.dr,
        um1_0.f_cnt,
        um1_0.f_port,
        um1_0.fcf,
        um1_0.frequency,
        um1_0.glycemie,
        um1_0.id_patient,
        um1_0.modulation,
        um1_0.poids,
        um1_0.polarization_inversion,
        um1_0.processed,
        um1_0.published_at,
        um1_0.spreading_factor,
        um1_0.taille,
        um1_0.temperature,
        um1_0.tension,
        um1_0.tension_dia,
        um1_0.tension_sys,
        um1_0.type 
    from
        uplink_messages um1_0 
    where
        um1_0.processed=false 
    order by
        um1_0.published_at
Hibernate: 
    select
        um1_0.id,
        um1_0.adr,
        um1_0.age,
        um1_0.application_id,
        um1_0.application_name,
        um1_0.bandwidth,
        um1_0.bpm_moyen,
        um1_0.code_rate,
        um1_0.confirmed_uplink,
        um1_0.data,
        um1_0.ddr,
        um1_0.dev_addr,
        um1_0.dev_eui,
        um1_0.device_name,
        um1_0.device_profile_id,
        um1_0.device_profile_name,
        um1_0.dr,
        um1_0.f_cnt,
        um1_0.f_port,
        um1_0.fcf,
        um1_0.frequency,
        um1_0.glycemie,
        um1_0.id_patient,
        um1_0.modulation,
        um1_0.poids,
        um1_0.polarization_inversion,
        um1_0.processed,
        um1_0.published_at,
        um1_0.spreading_factor,
        um1_0.taille,
        um1_0.temperature,
        um1_0.tension,
        um1_0.tension_dia,
        um1_0.tension_sys,
        um1_0.type 
    from
        uplink_messages um1_0 
    where
        um1_0.processed=false 
    order by
        um1_0.published_at
Hibernate: 
    select
        um1_0.id,
        um1_0.adr,
        um1_0.age,
        um1_0.application_id,
        um1_0.application_name,
        um1_0.bandwidth,
        um1_0.bpm_moyen,
        um1_0.code_rate,
        um1_0.confirmed_uplink,
        um1_0.data,
        um1_0.ddr,
        um1_0.dev_addr,
        um1_0.dev_eui,
        um1_0.device_name,
        um1_0.device_profile_id,
        um1_0.device_profile_name,
        um1_0.dr,
        um1_0.f_cnt,
        um1_0.f_port,
        um1_0.fcf,
        um1_0.frequency,
        um1_0.glycemie,
        um1_0.id_patient,
        um1_0.modulation,
        um1_0.poids,
        um1_0.polarization_inversion,
        um1_0.processed,
        um1_0.published_at,
        um1_0.spreading_factor,
        um1_0.taille,
        um1_0.temperature,
        um1_0.tension,
        um1_0.tension_dia,
        um1_0.tension_sys,
        um1_0.type 
    from
        uplink_messages um1_0 
    where
        um1_0.processed=false 
    order by
        um1_0.published_at
Hibernate: 
    select
        um1_0.id,
        um1_0.adr,
        um1_0.age,
        um1_0.application_id,
        um1_0.application_name,
        um1_0.bandwidth,
        um1_0.bpm_moyen,
        um1_0.code_rate,
        um1_0.confirmed_uplink,
        um1_0.data,
        um1_0.ddr,
        um1_0.dev_addr,
        um1_0.dev_eui,
        um1_0.device_name,
        um1_0.device_profile_id,
        um1_0.device_profile_name,
        um1_0.dr,
        um1_0.f_cnt,
        um1_0.f_port,
        um1_0.fcf,
        um1_0.frequency,
        um1_0.glycemie,
        um1_0.id_patient,
        um1_0.modulation,
        um1_0.poids,
        um1_0.polarization_inversion,
        um1_0.processed,
        um1_0.published_at,
        um1_0.spreading_factor,
        um1_0.taille,
        um1_0.temperature,
        um1_0.tension,
        um1_0.tension_dia,
        um1_0.tension_sys,
        um1_0.type 
    from
        uplink_messages um1_0 
    where
        um1_0.processed=false 
    order by
        um1_0.published_at
Hibernate: 
    select
        p1_0.id_parametres,
        p1_0.age_patient,
        p1_0.created_at,
        p1_0.date_dernieres_regles,
        p1_0.date_mesure,
        p1_0.id_dispositif,
        d1_0.id_dispositif,
        a1_0.id_admin,
        a1_0.created_at,
        a1_0.doit_changer_mot_de_passe,
        a1_0.email,
        a1_0.genre,
        a1_0.mot_de_passe,
        a1_0.nom,
        a1_0.numero_cni,
        a1_0.patient_lock_timeout,
        a1_0.role,
        a1_0.statut,
        a1_0.tel,
        a1_0.tel2,
        a1_0.updated_at,
        d1_0.appeui,
        d1_0.appkey,
        d1_0.contact,
        d1_0.created_at,
        d1_0.date_installation,
        d1_0.deveui,
        d1_0.id_infirmier_local,
        d1_0.localisation,
        d1_0.nom_centre_de_sante,
        d1_0.statut,
        d1_0.updated_at,
        p1_0.frequence_cardiaque_mere,
        p1_0.frequence_foetale,
        p1_0.glycemie,
        p1_0.identifiant_patient,
        p1_0.poids_patient,
        p1_0.pression_arterielle_diastolique,
        p1_0.pression_arterielle_systolique,
        p1_0.saturation_oxygene,
        p1_0.statut,
        p1_0.taille_patient,
        p1_0.temperature,
        p1_0.verrouille_at,
        p1_0.verrouille_par_medecin_id 
    from
        parametres p1_0 
    join
        dispositif d1_0 
            on d1_0.id_dispositif=p1_0.id_dispositif 
    left join
        administrateur a1_0 
            on a1_0.id_admin=d1_0.id_administrateur 
    where
        p1_0.verrouille_par_medecin_id is not null
Hibernate: 
    select
        um1_0.id,
        um1_0.adr,
        um1_0.age,
        um1_0.application_id,
        um1_0.application_name,
        um1_0.bandwidth,
        um1_0.bpm_moyen,
        um1_0.code_rate,
        um1_0.confirmed_uplink,
        um1_0.data,
        um1_0.ddr,
        um1_0.dev_addr,
        um1_0.dev_eui,
        um1_0.device_name,
        um1_0.device_profile_id,
        um1_0.device_profile_name,
        um1_0.dr,
        um1_0.f_cnt,
        um1_0.f_port,
        um1_0.fcf,
        um1_0.frequency,
        um1_0.glycemie,
        um1_0.id_patient,
        um1_0.modulation,
        um1_0.poids,
        um1_0.polarization_inversion,
        um1_0.processed,
        um1_0.published_at,
        um1_0.spreading_factor,
        um1_0.taille,
        um1_0.temperature,
        um1_0.tension,
        um1_0.tension_dia,
        um1_0.tension_sys,
        um1_0.type 
    from
        uplink_messages um1_0 
    where
        um1_0.processed=false 
    order by
        um1_0.published_at
Hibernate: 
    select
        um1_0.id,
        um1_0.adr,
        um1_0.age,
        um1_0.application_id,
        um1_0.application_name,
        um1_0.bandwidth,
        um1_0.bpm_moyen,
        um1_0.code_rate,
        um1_0.confirmed_uplink,
        um1_0.data,
        um1_0.ddr,
        um1_0.dev_addr,
        um1_0.dev_eui,
        um1_0.device_name,
        um1_0.device_profile_id,
        um1_0.device_profile_name,
        um1_0.dr,
        um1_0.f_cnt,
        um1_0.f_port,
        um1_0.fcf,
        um1_0.frequency,
        um1_0.glycemie,
        um1_0.id_patient,
        um1_0.modulation,
        um1_0.poids,
        um1_0.polarization_inversion,
        um1_0.processed,
        um1_0.published_at,
        um1_0.spreading_factor,
        um1_0.taille,
        um1_0.temperature,
        um1_0.tension,
        um1_0.tension_dia,
        um1_0.tension_sys,
        um1_0.type 
    from
        uplink_messages um1_0 
    where
        um1_0.processed=false 
    order by
        um1_0.published_at
Hibernate: 
    select
        um1_0.id,
        um1_0.adr,
        um1_0.age,
        um1_0.application_id,
        um1_0.application_name,
        um1_0.bandwidth,
        um1_0.bpm_moyen,
        um1_0.code_rate,
        um1_0.confirmed_uplink,
        um1_0.data,
        um1_0.ddr,
        um1_0.dev_addr,
        um1_0.dev_eui,
        um1_0.device_name,
        um1_0.device_profile_id,
        um1_0.device_profile_name,
        um1_0.dr,
        um1_0.f_cnt,
        um1_0.f_port,
        um1_0.fcf,
        um1_0.frequency,
        um1_0.glycemie,
        um1_0.id_patient,
        um1_0.modulation,
        um1_0.poids,
        um1_0.polarization_inversion,
        um1_0.processed,
        um1_0.published_at,
        um1_0.spreading_factor,
        um1_0.taille,
        um1_0.temperature,
        um1_0.tension,
        um1_0.tension_dia,
        um1_0.tension_sys,
        um1_0.type 
    from
        uplink_messages um1_0 
    where
        um1_0.processed=false 
    order by
        um1_0.published_at
Hibernate: 
    select
        um1_0.id,
        um1_0.adr,
        um1_0.age,
        um1_0.application_id,
        um1_0.application_name,
        um1_0.bandwidth,
        um1_0.bpm_moyen,
        um1_0.code_rate,
        um1_0.confirmed_uplink,
        um1_0.data,
        um1_0.ddr,
        um1_0.dev_addr,
        um1_0.dev_eui,
        um1_0.device_name,
        um1_0.device_profile_id,
        um1_0.device_profile_name,
        um1_0.dr,
        um1_0.f_cnt,
        um1_0.f_port,
        um1_0.fcf,
        um1_0.frequency,
        um1_0.glycemie,
        um1_0.id_patient,
        um1_0.modulation,
        um1_0.poids,
        um1_0.polarization_inversion,
        um1_0.processed,
        um1_0.published_at,
        um1_0.spreading_factor,
        um1_0.taille,
        um1_0.temperature,
        um1_0.tension,
        um1_0.tension_dia,
        um1_0.tension_sys,
        um1_0.type 
    from
        uplink_messages um1_0 
    where
        um1_0.processed=false 
    order by
        um1_0.published_at
Hibernate: 
    select
        um1_0.id,
        um1_0.adr,
        um1_0.age,
        um1_0.application_id,
        um1_0.application_name,
        um1_0.bandwidth,
        um1_0.bpm_moyen,
        um1_0.code_rate,
        um1_0.confirmed_uplink,
        um1_0.data,
        um1_0.ddr,
        um1_0.dev_addr,
        um1_0.dev_eui,
        um1_0.device_name,
        um1_0.device_profile_id,
        um1_0.device_profile_name,
        um1_0.dr,
        um1_0.f_cnt,
        um1_0.f_port,
        um1_0.fcf,
        um1_0.frequency,
        um1_0.glycemie,
        um1_0.id_patient,
        um1_0.modulation,
        um1_0.poids,
        um1_0.polarization_inversion,
        um1_0.processed,
        um1_0.published_at,
        um1_0.spreading_factor,
        um1_0.taille,
        um1_0.temperature,
        um1_0.tension,
        um1_0.tension_dia,
        um1_0.tension_sys,
        um1_0.type 
    from
        uplink_messages um1_0 
    where
        um1_0.processed=false 
    order by
        um1_0.published_at
Hibernate: 
    select
        um1_0.id,
        um1_0.adr,
        um1_0.age,
        um1_0.application_id,
        um1_0.application_name,
        um1_0.bandwidth,
        um1_0.bpm_moyen,
        um1_0.code_rate,
        um1_0.confirmed_uplink,
        um1_0.data,
        um1_0.ddr,
        um1_0.dev_addr,
        um1_0.dev_eui,
        um1_0.device_name,
        um1_0.device_profile_id,
        um1_0.device_profile_name,
        um1_0.dr,
        um1_0.f_cnt,
        um1_0.f_port,
        um1_0.fcf,
        um1_0.frequency,
        um1_0.glycemie,
        um1_0.id_patient,
        um1_0.modulation,
        um1_0.poids,
        um1_0.polarization_inversion,
        um1_0.processed,
        um1_0.published_at,
        um1_0.spreading_factor,
        um1_0.taille,
        um1_0.temperature,
        um1_0.tension,
        um1_0.tension_dia,
        um1_0.tension_sys,
        um1_0.type 
    from
        uplink_messages um1_0 
    where
        um1_0.processed=false 
    order by
        um1_0.published_at
Hibernate: 
    select
        p1_0.id_parametres,
        p1_0.age_patient,
        p1_0.created_at,
        p1_0.date_dernieres_regles,
        p1_0.date_mesure,
        p1_0.id_dispositif,
        d1_0.id_dispositif,
        a1_0.id_admin,
        a1_0.created_at,
        a1_0.doit_changer_mot_de_passe,
        a1_0.email,
        a1_0.genre,
        a1_0.mot_de_passe,
        a1_0.nom,
        a1_0.numero_cni,
        a1_0.patient_lock_timeout,
        a1_0.role,
        a1_0.statut,
        a1_0.tel,
        a1_0.tel2,
        a1_0.updated_at,
        d1_0.appeui,
        d1_0.appkey,
        d1_0.contact,
        d1_0.created_at,
        d1_0.date_installation,
        d1_0.deveui,
        d1_0.id_infirmier_local,
        d1_0.localisation,
        d1_0.nom_centre_de_sante,
        d1_0.statut,
        d1_0.updated_at,
        p1_0.frequence_cardiaque_mere,
        p1_0.frequence_foetale,
        p1_0.glycemie,
        p1_0.identifiant_patient,
        p1_0.poids_patient,
        p1_0.pression_arterielle_diastolique,
        p1_0.pression_arterielle_systolique,
        p1_0.saturation_oxygene,
        p1_0.statut,
        p1_0.taille_patient,
        p1_0.temperature,
        p1_0.verrouille_at,
        p1_0.verrouille_par_medecin_id 
    from
        parametres p1_0 
    join
        dispositif d1_0 
            on d1_0.id_dispositif=p1_0.id_dispositif 
    left join
        administrateur a1_0 
            on a1_0.id_admin=d1_0.id_administrateur 
    where
        p1_0.verrouille_par_medecin_id is not null
Hibernate: 
    select
        um1_0.id,
        um1_0.adr,
        um1_0.age,
        um1_0.application_id,
        um1_0.application_name,
        um1_0.bandwidth,
        um1_0.bpm_moyen,
        um1_0.code_rate,
        um1_0.confirmed_uplink,
        um1_0.data,
        um1_0.ddr,
        um1_0.dev_addr,
        um1_0.dev_eui,
        um1_0.device_name,
        um1_0.device_profile_id,
        um1_0.device_profile_name,
        um1_0.dr,
        um1_0.f_cnt,
        um1_0.f_port,
        um1_0.fcf,
        um1_0.frequency,
        um1_0.glycemie,
        um1_0.id_patient,
        um1_0.modulation,
        um1_0.poids,
        um1_0.polarization_inversion,
        um1_0.processed,
        um1_0.published_at,
        um1_0.spreading_factor,
        um1_0.taille,
        um1_0.temperature,
        um1_0.tension,
        um1_0.tension_dia,
        um1_0.tension_sys,
        um1_0.type 
    from
        uplink_messages um1_0 
    where
        um1_0.processed=false 
    order by
        um1_0.published_at
Hibernate: 
    select
        um1_0.id,
        um1_0.adr,
        um1_0.age,
        um1_0.application_id,
        um1_0.application_name,
        um1_0.bandwidth,
        um1_0.bpm_moyen,
        um1_0.code_rate,
        um1_0.confirmed_uplink,
        um1_0.data,
        um1_0.ddr,
        um1_0.dev_addr,
        um1_0.dev_eui,
        um1_0.device_name,
        um1_0.device_profile_id,
        um1_0.device_profile_name,
        um1_0.dr,
        um1_0.f_cnt,
        um1_0.f_port,
        um1_0.fcf,
        um1_0.frequency,
        um1_0.glycemie,
        um1_0.id_patient,
        um1_0.modulation,
        um1_0.poids,
        um1_0.polarization_inversion,
        um1_0.processed,
        um1_0.published_at,
        um1_0.spreading_factor,
        um1_0.taille,
        um1_0.temperature,
        um1_0.tension,
        um1_0.tension_dia,
        um1_0.tension_sys,
        um1_0.type 
    from
        uplink_messages um1_0 
    where
        um1_0.processed=false 
    order by
        um1_0.published_at
Hibernate: 
    select
        um1_0.id,
        um1_0.adr,
        um1_0.age,
        um1_0.application_id,
        um1_0.application_name,
        um1_0.bandwidth,
        um1_0.bpm_moyen,
        um1_0.code_rate,
        um1_0.confirmed_uplink,
        um1_0.data,
        um1_0.ddr,
        um1_0.dev_addr,
        um1_0.dev_eui,
        um1_0.device_name,
        um1_0.device_profile_id,
        um1_0.device_profile_name,
        um1_0.dr,
        um1_0.f_cnt,
        um1_0.f_port,
        um1_0.fcf,
        um1_0.frequency,
        um1_0.glycemie,
        um1_0.id_patient,
        um1_0.modulation,
        um1_0.poids,
        um1_0.polarization_inversion,
        um1_0.processed,
        um1_0.published_at,
        um1_0.spreading_factor,
        um1_0.taille,
        um1_0.temperature,
        um1_0.tension,
        um1_0.tension_dia,
        um1_0.tension_sys,
        um1_0.type 
    from
        uplink_messages um1_0 
    where
        um1_0.processed=false 
    order by
        um1_0.published_at
Hibernate: 
    select
        um1_0.id,
        um1_0.adr,
        um1_0.age,
        um1_0.application_id,
        um1_0.application_name,
        um1_0.bandwidth,
        um1_0.bpm_moyen,
        um1_0.code_rate,
        um1_0.confirmed_uplink,
        um1_0.data,
        um1_0.ddr,
        um1_0.dev_addr,
        um1_0.dev_eui,
        um1_0.device_name,
        um1_0.device_profile_id,
        um1_0.device_profile_name,
        um1_0.dr,
        um1_0.f_cnt,
        um1_0.f_port,
        um1_0.fcf,
        um1_0.frequency,
        um1_0.glycemie,
        um1_0.id_patient,
        um1_0.modulation,
        um1_0.poids,
        um1_0.polarization_inversion,
        um1_0.processed,
        um1_0.published_at,
        um1_0.spreading_factor,
        um1_0.taille,
        um1_0.temperature,
        um1_0.tension,
        um1_0.tension_dia,
        um1_0.tension_sys,
        um1_0.type 
    from
        uplink_messages um1_0 
    where
        um1_0.processed=false 
    order by
        um1_0.published_at
Hibernate: 
    select
        um1_0.id,
        um1_0.adr,
        um1_0.age,
        um1_0.application_id,
        um1_0.application_name,
        um1_0.bandwidth,
        um1_0.bpm_moyen,
        um1_0.code_rate,
        um1_0.confirmed_uplink,
        um1_0.data,
        um1_0.ddr,
        um1_0.dev_addr,
        um1_0.dev_eui,
        um1_0.device_name,
        um1_0.device_profile_id,
        um1_0.device_profile_name,
        um1_0.dr,
        um1_0.f_cnt,
        um1_0.f_port,
        um1_0.fcf,
        um1_0.frequency,
        um1_0.glycemie,
        um1_0.id_patient,
        um1_0.modulation,
        um1_0.poids,
        um1_0.polarization_inversion,
        um1_0.processed,
        um1_0.published_at,
        um1_0.spreading_factor,
        um1_0.taille,
        um1_0.temperature,
        um1_0.tension,
        um1_0.tension_dia,
        um1_0.tension_sys,
        um1_0.type 
    from
        uplink_messages um1_0 
    where
        um1_0.processed=false 
    order by
        um1_0.published_at
Hibernate: 
    select
        um1_0.id,
        um1_0.adr,
        um1_0.age,
        um1_0.application_id,
        um1_0.application_name,
        um1_0.bandwidth,
        um1_0.bpm_moyen,
        um1_0.code_rate,
        um1_0.confirmed_uplink,
        um1_0.data,
        um1_0.ddr,
        um1_0.dev_addr,
        um1_0.dev_eui,
        um1_0.device_name,
        um1_0.device_profile_id,
        um1_0.device_profile_name,
        um1_0.dr,
        um1_0.f_cnt,
        um1_0.f_port,
        um1_0.fcf,
        um1_0.frequency,
        um1_0.glycemie,
        um1_0.id_patient,
        um1_0.modulation,
        um1_0.poids,
        um1_0.polarization_inversion,
        um1_0.processed,
        um1_0.published_at,
        um1_0.spreading_factor,
        um1_0.taille,
        um1_0.temperature,
        um1_0.tension,
        um1_0.tension_dia,
        um1_0.tension_sys,
        um1_0.type 
    from
        uplink_messages um1_0 
    where
        um1_0.processed=false 
    order by
        um1_0.published_at
Hibernate: 
    select
        p1_0.id_parametres,
        p1_0.age_patient,
        p1_0.created_at,
        p1_0.date_dernieres_regles,
        p1_0.date_mesure,
        p1_0.id_dispositif,
        d1_0.id_dispositif,
        a1_0.id_admin,
        a1_0.created_at,
        a1_0.doit_changer_mot_de_passe,
        a1_0.email,
        a1_0.genre,
        a1_0.mot_de_passe,
        a1_0.nom,
        a1_0.numero_cni,
        a1_0.patient_lock_timeout,
        a1_0.role,
        a1_0.statut,
        a1_0.tel,
        a1_0.tel2,
        a1_0.updated_at,
        d1_0.appeui,
        d1_0.appkey,
        d1_0.contact,
        d1_0.created_at,
        d1_0.date_installation,
        d1_0.deveui,
        d1_0.id_infirmier_local,
        d1_0.localisation,
        d1_0.nom_centre_de_sante,
        d1_0.statut,
        d1_0.updated_at,
        p1_0.frequence_cardiaque_mere,
        p1_0.frequence_foetale,
        p1_0.glycemie,
        p1_0.identifiant_patient,
        p1_0.poids_patient,
        p1_0.pression_arterielle_diastolique,
        p1_0.pression_arterielle_systolique,
        p1_0.saturation_oxygene,
        p1_0.statut,
        p1_0.taille_patient,
        p1_0.temperature,
        p1_0.verrouille_at,
        p1_0.verrouille_par_medecin_id 
    from
        parametres p1_0 
    join
        dispositif d1_0 
            on d1_0.id_dispositif=p1_0.id_dispositif 
    left join
        administrateur a1_0 
            on a1_0.id_admin=d1_0.id_administrateur 
    where
        p1_0.verrouille_par_medecin_id is not null
Hibernate: 
    select
        um1_0.id,
        um1_0.adr,
        um1_0.age,
        um1_0.application_id,
        um1_0.application_name,
        um1_0.bandwidth,
        um1_0.bpm_moyen,
        um1_0.code_rate,
        um1_0.confirmed_uplink,
        um1_0.data,
        um1_0.ddr,
        um1_0.dev_addr,
        um1_0.dev_eui,
        um1_0.device_name,
        um1_0.device_profile_id,
        um1_0.device_profile_name,
        um1_0.dr,
        um1_0.f_cnt,
        um1_0.f_port,
        um1_0.fcf,
        um1_0.frequency,
        um1_0.glycemie,
        um1_0.id_patient,
        um1_0.modulation,
        um1_0.poids,
        um1_0.polarization_inversion,
        um1_0.processed,
        um1_0.published_at,
        um1_0.spreading_factor,
        um1_0.taille,
        um1_0.temperature,
        um1_0.tension,
        um1_0.tension_dia,
        um1_0.tension_sys,
        um1_0.type 
    from
        uplink_messages um1_0 
    where
        um1_0.processed=false 
    order by
        um1_0.published_at
Hibernate: 
    select
        um1_0.id,
        um1_0.adr,
        um1_0.age,
        um1_0.application_id,
        um1_0.application_name,
        um1_0.bandwidth,
        um1_0.bpm_moyen,
        um1_0.code_rate,
        um1_0.confirmed_uplink,
        um1_0.data,
        um1_0.ddr,
        um1_0.dev_addr,
        um1_0.dev_eui,
        um1_0.device_name,
        um1_0.device_profile_id,
        um1_0.device_profile_name,
        um1_0.dr,
        um1_0.f_cnt,
        um1_0.f_port,
        um1_0.fcf,
        um1_0.frequency,
        um1_0.glycemie,
        um1_0.id_patient,
        um1_0.modulation,
        um1_0.poids,
        um1_0.polarization_inversion,
        um1_0.processed,
        um1_0.published_at,
        um1_0.spreading_factor,
        um1_0.taille,
        um1_0.temperature,
        um1_0.tension,
        um1_0.tension_dia,
        um1_0.tension_sys,
        um1_0.type 
    from
        uplink_messages um1_0 
    where
        um1_0.processed=false 
    order by
        um1_0.published_at
Hibernate: 
    select
        um1_0.id,
        um1_0.adr,
        um1_0.age,
        um1_0.application_id,
        um1_0.application_name,
        um1_0.bandwidth,
        um1_0.bpm_moyen,
        um1_0.code_rate,
        um1_0.confirmed_uplink,
        um1_0.data,
        um1_0.ddr,
        um1_0.dev_addr,
        um1_0.dev_eui,
        um1_0.device_name,
        um1_0.device_profile_id,
        um1_0.device_profile_name,
        um1_0.dr,
        um1_0.f_cnt,
        um1_0.f_port,
        um1_0.fcf,
        um1_0.frequency,
        um1_0.glycemie,
        um1_0.id_patient,
        um1_0.modulation,
        um1_0.poids,
        um1_0.polarization_inversion,
        um1_0.processed,
        um1_0.published_at,
        um1_0.spreading_factor,
        um1_0.taille,
        um1_0.temperature,
        um1_0.tension,
        um1_0.tension_dia,
        um1_0.tension_sys,
        um1_0.type 
    from
        uplink_messages um1_0 
    where
        um1_0.processed=false 
    order by
        um1_0.published_at
Hibernate: 
    select
        um1_0.id,
        um1_0.adr,
        um1_0.age,
        um1_0.application_id,
        um1_0.application_name,
        um1_0.bandwidth,
        um1_0.bpm_moyen,
        um1_0.code_rate,
        um1_0.confirmed_uplink,
        um1_0.data,
        um1_0.ddr,
        um1_0.dev_addr,
        um1_0.dev_eui,
        um1_0.device_name,
        um1_0.device_profile_id,
        um1_0.device_profile_name,
        um1_0.dr,
        um1_0.f_cnt,
        um1_0.f_port,
        um1_0.fcf,
        um1_0.frequency,
        um1_0.glycemie,
        um1_0.id_patient,
        um1_0.modulation,
        um1_0.poids,
        um1_0.polarization_inversion,
        um1_0.processed,
        um1_0.published_at,
        um1_0.spreading_factor,
        um1_0.taille,
        um1_0.temperature,
        um1_0.tension,
        um1_0.tension_dia,
        um1_0.tension_sys,
        um1_0.type 
    from
        uplink_messages um1_0 
    where
        um1_0.processed=false 
    order by
        um1_0.published_at
Hibernate: 
    select
        um1_0.id,
        um1_0.adr,
        um1_0.age,
        um1_0.application_id,
        um1_0.application_name,
        um1_0.bandwidth,
        um1_0.bpm_moyen,
        um1_0.code_rate,
        um1_0.confirmed_uplink,
        um1_0.data,
        um1_0.ddr,
        um1_0.dev_addr,
        um1_0.dev_eui,
        um1_0.device_name,
        um1_0.device_profile_id,
        um1_0.device_profile_name,
        um1_0.dr,
        um1_0.f_cnt,
        um1_0.f_port,
        um1_0.fcf,
        um1_0.frequency,
        um1_0.glycemie,
        um1_0.id_patient,
        um1_0.modulation,
        um1_0.poids,
        um1_0.polarization_inversion,
        um1_0.processed,
        um1_0.published_at,
        um1_0.spreading_factor,
        um1_0.taille,
        um1_0.temperature,
        um1_0.tension,
        um1_0.tension_dia,
        um1_0.tension_sys,
        um1_0.type 
    from
        uplink_messages um1_0 
    where
        um1_0.processed=false 
    order by
        um1_0.published_at
Hibernate: 
    select
        um1_0.id,
        um1_0.adr,
        um1_0.age,
        um1_0.application_id,
        um1_0.application_name,
        um1_0.bandwidth,
        um1_0.bpm_moyen,
        um1_0.code_rate,
        um1_0.confirmed_uplink,
        um1_0.data,
        um1_0.ddr,
        um1_0.dev_addr,
        um1_0.dev_eui,
        um1_0.device_name,
        um1_0.device_profile_id,
        um1_0.device_profile_name,
        um1_0.dr,
        um1_0.f_cnt,
        um1_0.f_port,
        um1_0.fcf,
        um1_0.frequency,
        um1_0.glycemie,
        um1_0.id_patient,
        um1_0.modulation,
        um1_0.poids,
        um1_0.polarization_inversion,
        um1_0.processed,
        um1_0.published_at,
        um1_0.spreading_factor,
        um1_0.taille,
        um1_0.temperature,
        um1_0.tension,
        um1_0.tension_dia,
        um1_0.tension_sys,
        um1_0.type 
    from
        uplink_messages um1_0 
    where
        um1_0.processed=false 
    order by
        um1_0.published_at
Hibernate: 
    select
        p1_0.id_parametres,
        p1_0.age_patient,
        p1_0.created_at,
        p1_0.date_dernieres_regles,
        p1_0.date_mesure,
        p1_0.id_dispositif,
        d1_0.id_dispositif,
        a1_0.id_admin,
        a1_0.created_at,
        a1_0.doit_changer_mot_de_passe,
        a1_0.email,
        a1_0.genre,
        a1_0.mot_de_passe,
        a1_0.nom,
        a1_0.numero_cni,
        a1_0.patient_lock_timeout,
        a1_0.role,
        a1_0.statut,
        a1_0.tel,
        a1_0.tel2,
        a1_0.updated_at,
        d1_0.appeui,
        d1_0.appkey,
        d1_0.contact,
        d1_0.created_at,
        d1_0.date_installation,
        d1_0.deveui,
        d1_0.id_infirmier_local,
        d1_0.localisation,
        d1_0.nom_centre_de_sante,
        d1_0.statut,
        d1_0.updated_at,
        p1_0.frequence_cardiaque_mere,
        p1_0.frequence_foetale,
        p1_0.glycemie,
        p1_0.identifiant_patient,
        p1_0.poids_patient,
        p1_0.pression_arterielle_diastolique,
        p1_0.pression_arterielle_systolique,
        p1_0.saturation_oxygene,
        p1_0.statut,
        p1_0.taille_patient,
        p1_0.temperature,
        p1_0.verrouille_at,
        p1_0.verrouille_par_medecin_id 
    from
        parametres p1_0 
    join
        dispositif d1_0 
            on d1_0.id_dispositif=p1_0.id_dispositif 
    left join
        administrateur a1_0 
            on a1_0.id_admin=d1_0.id_administrateur 
    where
        p1_0.verrouille_par_medecin_id is not null
Hibernate: 
    select
        um1_0.id,
        um1_0.adr,
        um1_0.age,
        um1_0.application_id,
        um1_0.application_name,
        um1_0.bandwidth,
        um1_0.bpm_moyen,
        um1_0.code_rate,
        um1_0.confirmed_uplink,
        um1_0.data,
        um1_0.ddr,
        um1_0.dev_addr,
        um1_0.dev_eui,
        um1_0.device_name,
        um1_0.device_profile_id,
        um1_0.device_profile_name,
        um1_0.dr,
        um1_0.f_cnt,
        um1_0.f_port,
        um1_0.fcf,
        um1_0.frequency,
        um1_0.glycemie,
        um1_0.id_patient,
        um1_0.modulation,
        um1_0.poids,
        um1_0.polarization_inversion,
        um1_0.processed,
        um1_0.published_at,
        um1_0.spreading_factor,
        um1_0.taille,
        um1_0.temperature,
        um1_0.tension,
        um1_0.tension_dia,
        um1_0.tension_sys,
        um1_0.type 
    from
        uplink_messages um1_0 
    where
        um1_0.processed=false 
    order by
        um1_0.published_at
Hibernate: 
    select
        um1_0.id,
        um1_0.adr,
        um1_0.age,
        um1_0.application_id,
        um1_0.application_name,
        um1_0.bandwidth,
        um1_0.bpm_moyen,
        um1_0.code_rate,
        um1_0.confirmed_uplink,
        um1_0.data,
        um1_0.ddr,
        um1_0.dev_addr,
        um1_0.dev_eui,
        um1_0.device_name,
        um1_0.device_profile_id,
        um1_0.device_profile_name,
        um1_0.dr,
        um1_0.f_cnt,
        um1_0.f_port,
        um1_0.fcf,
        um1_0.frequency,
        um1_0.glycemie,
        um1_0.id_patient,
        um1_0.modulation,
        um1_0.poids,
        um1_0.polarization_inversion,
        um1_0.processed,
        um1_0.published_at,
        um1_0.spreading_factor,
        um1_0.taille,
        um1_0.temperature,
        um1_0.tension,
        um1_0.tension_dia,
        um1_0.tension_sys,
        um1_0.type 
    from
        uplink_messages um1_0 
    where
        um1_0.processed=false 
    order by
        um1_0.published_at
Hibernate: 
    select
        um1_0.id,
        um1_0.adr,
        um1_0.age,
        um1_0.application_id,
        um1_0.application_name,
        um1_0.bandwidth,
        um1_0.bpm_moyen,
        um1_0.code_rate,
        um1_0.confirmed_uplink,
        um1_0.data,
        um1_0.ddr,
        um1_0.dev_addr,
        um1_0.dev_eui,
        um1_0.device_name,
        um1_0.device_profile_id,
        um1_0.device_profile_name,
        um1_0.dr,
        um1_0.f_cnt,
        um1_0.f_port,
        um1_0.fcf,
        um1_0.frequency,
        um1_0.glycemie,
        um1_0.id_patient,
        um1_0.modulation,
        um1_0.poids,
        um1_0.polarization_inversion,
        um1_0.processed,
        um1_0.published_at,
        um1_0.spreading_factor,
        um1_0.taille,
        um1_0.temperature,
        um1_0.tension,
        um1_0.tension_dia,
        um1_0.tension_sys,
        um1_0.type 
    from
        uplink_messages um1_0 
    where
        um1_0.processed=false 
    order by
        um1_0.published_at
Hibernate: 
    select
        um1_0.id,
        um1_0.adr,
        um1_0.age,
        um1_0.application_id,
        um1_0.application_name,
        um1_0.bandwidth,
        um1_0.bpm_moyen,
        um1_0.code_rate,
        um1_0.confirmed_uplink,
        um1_0.data,
        um1_0.ddr,
        um1_0.dev_addr,
        um1_0.dev_eui,
        um1_0.device_name,
        um1_0.device_profile_id,
        um1_0.device_profile_name,
        um1_0.dr,
        um1_0.f_cnt,
        um1_0.f_port,
        um1_0.fcf,
        um1_0.frequency,
        um1_0.glycemie,
        um1_0.id_patient,
        um1_0.modulation,
        um1_0.poids,
        um1_0.polarization_inversion,
        um1_0.processed,
        um1_0.published_at,
        um1_0.spreading_factor,
        um1_0.taille,
        um1_0.temperature,
        um1_0.tension,
        um1_0.tension_dia,
        um1_0.tension_sys,
        um1_0.type 
    from
        uplink_messages um1_0 
    where
        um1_0.processed=false 
    order by
        um1_0.published_at
Hibernate: 
    select
        um1_0.id,
        um1_0.adr,
        um1_0.age,
        um1_0.application_id,
        um1_0.application_name,
        um1_0.bandwidth,
        um1_0.bpm_moyen,
        um1_0.code_rate,
        um1_0.confirmed_uplink,
        um1_0.data,
        um1_0.ddr,
        um1_0.dev_addr,
        um1_0.dev_eui,
        um1_0.device_name,
        um1_0.device_profile_id,
        um1_0.device_profile_name,
        um1_0.dr,
        um1_0.f_cnt,
        um1_0.f_port,
        um1_0.fcf,
        um1_0.frequency,
        um1_0.glycemie,
        um1_0.id_patient,
        um1_0.modulation,
        um1_0.poids,
        um1_0.polarization_inversion,
        um1_0.processed,
        um1_0.published_at,
        um1_0.spreading_factor,
        um1_0.taille,
        um1_0.temperature,
        um1_0.tension,
        um1_0.tension_dia,
        um1_0.tension_sys,
        um1_0.type 
    from
        uplink_messages um1_0 
    where
        um1_0.processed=false 
    order by
        um1_0.published_at
[ERROR] Failed to execute goal org.springframework.boot:spring-boot-maven-plugin:4.0.0:run (default-cli) on project backend-electro: Process terminated with exit code: 137 -> [Help 1]
[ERROR] 
[ERROR] To see the full stack trace of the errors, re-run Maven with the -e switch.
[ERROR] Re-run Maven using the -X switch to enable full debug logging.
[ERROR] 
[ERROR] For more information about the errors and possible solutions, please read the following articles:
[ERROR] [Help 1] http://cwiki.apache.org/confluence/display/MAVEN/MojoExecutionException
